,close_time,o,h,l,c,v
0,2020-01-16 20:00:00,163.36,164.02,163.24,163.57,7087.67028
1,2020-01-16 21:00:00,163.56,165.67,163.5,165.56,14076.13853
2,2020-01-16 22:00:00,165.55,165.88,162.31,163.39,23700.39404
3,2020-01-16 23:00:00,163.4,164.38,162.83,164.14,8014.44161
4,2020-01-17 00:00:00,164.11,165.0,163.3,164.21,10432.75359
5,2020-01-17 01:00:00,164.24,165.25,162.14,163.78,23576.00106
6,2020-01-17 02:00:00,163.73,165.1,163.42,164.86,11699.01698
7,2020-01-17 03:00:00,165.01,167.23,164.6,165.67,28721.3465
8,2020-01-17 04:00:00,165.74,167.44,164.86,165.14,31402.92246
9,2020-01-17 05:00:00,165.14,166.76,164.85,166.66,19340.42443
10,2020-01-17 06:00:00,166.68,170.32,165.96,169.94,56439.19709
11,2020-01-17 07:00:00,169.99,171.39,167.58,168.04,63315.8889
12,2020-01-17 08:00:00,168.03,171.51,167.54,171.08,51386.93815
13,2020-01-17 09:00:00,171.08,174.81,169.86,171.66,75905.38108
14,2020-01-17 10:00:00,171.61,173.15,171.09,172.08,27659.43431
15,2020-01-17 11:00:00,172.08,172.65,169.66,170.78,41707.8277
16,2020-01-17 12:00:00,170.77,171.15,169.8,169.99,12251.72839
17,2020-01-17 13:00:00,169.98,170.24,167.25,168.02,33831.6629
18,2020-01-17 14:00:00,168.02,169.45,167.9,168.59,14160.86156
19,2020-01-17 15:00:00,168.61,168.63,165.13,166.29,34471.8647
20,2020-01-17 16:00:00,166.29,168.54,166.0,168.34,19141.7059
21,2020-01-17 17:00:00,168.31,171.39,167.6,170.04,49929.44516
22,2020-01-17 18:00:00,170.0,171.5,169.46,170.35,30525.99882
23,2020-01-17 19:00:00,170.35,173.25,170.25,172.37,30662.9181
24,2020-01-17 20:00:00,172.4,173.72,167.02,169.23,50728.737
25,2020-01-17 21:00:00,169.23,170.61,168.42,169.13,24272.77233
26,2020-01-17 22:00:00,169.08,171.48,169.01,171.32,7566.35793
27,2020-01-17 23:00:00,171.34,173.38,170.77,171.75,14094.84196
28,2020-01-18 00:00:00,171.84,172.5,169.85,169.85,14387.40512
29,2020-01-18 01:00:00,169.92,173.63,169.0,173.21,30280.41385
30,2020-01-18 02:00:00,173.25,173.69,171.5,172.6,23634.45401
31,2020-01-18 03:00:00,172.66,172.91,170.65,171.18,12319.63274
32,2020-01-18 04:00:00,171.21,172.38,170.61,171.93,14266.16008
33,2020-01-18 05:00:00,171.91,171.97,168.0,168.62,25084.73616
34,2020-01-18 06:00:00,168.62,169.59,167.05,168.09,31906.58605
35,2020-01-18 07:00:00,168.1,168.23,164.92,167.92,31893.74474
36,2020-01-18 08:00:00,167.95,169.15,166.82,168.07,19195.14057
37,2020-01-18 09:00:00,168.1,168.82,167.21,168.5,10929.18222
38,2020-01-18 10:00:00,168.49,170.11,168.13,169.35,14453.54467
39,2020-01-18 11:00:00,169.34,170.03,168.76,169.01,9888.94348
40,2020-01-18 12:00:00,169.01,169.14,167.86,169.07,8994.16593
41,2020-01-18 13:00:00,169.12,171.23,168.84,171.02,23974.26282
42,2020-01-18 14:00:00,171.03,176.01,170.13,174.17,83476.55558
43,2020-01-18 15:00:00,174.15,179.5,174.1,177.24,96012.15602
44,2020-01-18 16:00:00,177.34,178.5,173.59,175.53,63513.21267
45,2020-01-18 17:00:00,175.54,177.6,172.73,173.91,73606.73432
46,2020-01-18 18:00:00,173.91,175.27,173.1,174.89,28239.54338
47,2020-01-18 19:00:00,174.89,175.25,172.84,173.86,17193.54158
48,2020-01-18 20:00:00,173.87,175.07,173.52,174.97,13037.16202
49,2020-01-18 21:00:00,174.95,175.85,174.49,175.49,11534.53905
50,2020-01-18 22:00:00,175.5,176.88,175.43,176.62,7959.5153
51,2020-01-18 23:00:00,176.61,177.0,175.74,176.92,8913.18846
52,2020-01-19 00:00:00,176.93,177.04,173.87,174.14,28476.06412
53,2020-01-19 01:00:00,174.1,176.4,173.29,176.23,21662.80188
54,2020-01-19 02:00:00,176.23,178.05,174.0,175.33,50573.06147
55,2020-01-19 03:00:00,175.3,176.65,174.52,176.33,16030.19729
56,2020-01-19 04:00:00,176.33,177.75,176.05,176.25,13837.59683
57,2020-01-19 05:00:00,176.26,176.46,175.56,175.94,13528.04873
58,2020-01-19 06:00:00,175.89,176.59,175.16,176.12,11967.86335
59,2020-01-19 07:00:00,176.12,176.67,174.6,175.36,15925.06009
60,2020-01-19 08:00:00,175.32,176.9,174.6,176.55,17647.44702
61,2020-01-19 09:00:00,176.55,176.87,175.92,176.42,10043.6581
62,2020-01-19 10:00:00,176.45,177.3,174.8,175.5,21312.69357
63,2020-01-19 11:00:00,175.48,175.8,174.29,174.31,15486.60023
64,2020-01-19 12:00:00,174.31,174.39,164.0,166.62,128213.17088
65,2020-01-19 13:00:00,166.61,166.61,162.4,165.34,47832.6409
66,2020-01-19 14:00:00,165.4,165.41,161.66,164.38,33893.78514
67,2020-01-19 15:00:00,164.4,165.9,164.0,164.42,26268.37264
68,2020-01-19 16:00:00,164.43,165.32,163.49,164.81,29158.80125
69,2020-01-19 17:00:00,164.75,166.18,164.19,165.22,24500.70131
70,2020-01-19 18:00:00,165.17,165.52,164.63,165.13,12968.24974
71,2020-01-19 19:00:00,165.17,165.24,163.88,164.36,12728.14226
72,2020-01-19 20:00:00,164.33,165.19,163.9,164.92,17674.04716
73,2020-01-19 21:00:00,164.95,165.09,164.09,164.51,6747.19811
74,2020-01-19 22:00:00,164.52,166.08,164.11,165.81,25836.68129
75,2020-01-19 23:00:00,165.81,167.0,163.56,166.15,37583.89594
76,2020-01-20 00:00:00,166.11,167.5,165.62,166.79,13260.57086
77,2020-01-20 01:00:00,166.79,167.6,165.17,165.68,22472.41947
78,2020-01-20 02:00:00,165.71,166.5,165.2,165.42,10499.10347
79,2020-01-20 03:00:00,165.43,165.93,165.1,165.46,9430.21568
80,2020-01-20 04:00:00,165.44,165.78,165.25,165.66,5593.92538
81,2020-01-20 05:00:00,165.65,166.3,164.29,164.75,17949.81825
82,2020-01-20 06:00:00,164.76,165.76,164.74,165.66,7640.41402
83,2020-01-20 07:00:00,165.64,166.23,165.51,165.83,6940.10405
84,2020-01-20 08:00:00,165.8,166.4,165.21,165.63,10581.84899
85,2020-01-20 09:00:00,165.62,166.25,164.5,165.35,14489.17182
86,2020-01-20 10:00:00,165.35,165.65,164.28,164.65,11521.42588
87,2020-01-20 11:00:00,164.65,165.26,164.56,164.86,7779.40024
88,2020-01-20 12:00:00,164.9,165.16,161.88,163.04,24163.58696
89,2020-01-20 13:00:00,163.05,164.17,162.0,162.55,25738.47353
90,2020-01-20 14:00:00,162.53,165.05,161.24,164.02,30192.32452
91,2020-01-20 15:00:00,164.08,166.67,163.85,166.2,19719.48345
92,2020-01-20 16:00:00,166.2,167.04,165.58,166.83,18883.57175
93,2020-01-20 17:00:00,166.88,167.75,165.96,166.88,23619.28156
94,2020-01-20 18:00:00,166.88,167.08,166.18,166.3,7882.27763
95,2020-01-20 19:00:00,166.27,166.91,166.12,166.5,9824.79431
96,2020-01-20 20:00:00,166.5,167.79,166.5,167.67,17770.59536
97,2020-01-20 21:00:00,167.66,167.87,166.88,167.32,8368.62189
98,2020-01-20 22:00:00,167.32,167.32,166.87,167.28,4856.45
99,2020-01-20 23:00:00,167.25,169.33,167.11,167.49,18744.7398
100,2020-01-21 00:00:00,167.49,168.0,166.6,166.87,23430.83609
101,2020-01-21 01:00:00,166.86,167.2,165.61,166.42,23336.26878
102,2020-01-21 02:00:00,166.42,167.12,166.33,167.06,4484.26973
103,2020-01-21 03:00:00,167.03,167.66,166.9,167.38,7316.74871
104,2020-01-21 04:00:00,167.37,168.4,167.25,168.3,8058.69642
105,2020-01-21 05:00:00,168.32,168.86,167.72,167.84,10444.64039
106,2020-01-21 06:00:00,167.84,167.9,166.69,167.15,9121.87428
107,2020-01-21 07:00:00,167.2,167.71,166.73,167.23,9279.56262
108,2020-01-21 08:00:00,167.25,167.37,166.17,166.53,16907.06864
109,2020-01-21 09:00:00,166.51,167.3,165.86,167.11,14073.84035
110,2020-01-21 10:00:00,167.08,168.06,166.57,166.76,9320.73068
111,2020-01-21 11:00:00,166.75,168.08,166.48,168.01,16523.02058
112,2020-01-21 12:00:00,168.01,168.7,167.45,167.93,19412.8668
113,2020-01-21 13:00:00,167.92,168.53,167.32,168.1,8312.91858
114,2020-01-21 14:00:00,168.09,169.25,167.9,168.88,11163.31966
115,2020-01-21 15:00:00,168.88,168.92,168.09,168.24,7205.19039
116,2020-01-21 16:00:00,168.25,169.05,167.88,168.1,8970.20405
117,2020-01-21 17:00:00,168.09,168.48,166.75,167.65,22621.85164
118,2020-01-21 18:00:00,167.66,167.93,167.24,167.71,8649.28443
119,2020-01-21 19:00:00,167.68,167.81,166.35,167.06,5755.78474
120,2020-01-21 20:00:00,167.05,167.45,164.8,165.12,21078.59424
121,2020-01-21 21:00:00,165.13,168.52,165.12,168.32,28342.58519
122,2020-01-21 22:00:00,168.33,170.32,168.33,169.14,24008.22847
123,2020-01-21 23:00:00,169.14,169.53,168.23,169.36,5352.14695
124,2020-01-22 00:00:00,169.36,169.85,168.83,169.49,8267.93898
125,2020-01-22 01:00:00,169.48,170.05,169.3,169.71,9174.59597
126,2020-01-22 02:00:00,169.71,169.75,168.75,169.09,8088.81975
127,2020-01-22 03:00:00,169.09,169.44,167.79,168.57,11284.64838
128,2020-01-22 04:00:00,168.56,169.46,168.23,168.69,7375.89394
129,2020-01-22 05:00:00,168.69,169.58,168.62,169.45,6011.34825
130,2020-01-22 06:00:00,169.44,169.47,168.84,168.96,6703.36893
131,2020-01-22 07:00:00,168.96,170.0,168.89,169.85,11666.48498
132,2020-01-22 08:00:00,169.85,171.47,168.96,169.2,47741.82397
133,2020-01-22 09:00:00,169.25,169.55,167.51,168.44,36850.25678
134,2020-01-22 10:00:00,168.46,169.12,167.91,168.99,13076.1728
135,2020-01-22 11:00:00,168.98,169.02,168.05,168.35,6900.86728
136,2020-01-22 12:00:00,168.36,168.45,167.31,168.0,12013.79072
137,2020-01-22 13:00:00,168.0,168.31,167.45,168.01,7136.83658
138,2020-01-22 14:00:00,168.01,168.02,166.03,166.43,16562.25189
139,2020-01-22 15:00:00,166.42,167.34,166.07,166.95,10664.2134
140,2020-01-22 16:00:00,166.92,167.91,166.72,167.42,7431.21739
141,2020-01-22 17:00:00,167.43,169.04,166.62,168.42,18784.9109
142,2020-01-22 18:00:00,168.4,168.88,167.59,168.36,6847.7147
143,2020-01-22 19:00:00,168.38,168.4,167.57,168.0,4515.96194
144,2020-01-22 20:00:00,167.99,168.29,167.32,168.0,6615.11272
145,2020-01-22 21:00:00,167.97,168.21,167.51,168.16,4455.61416
146,2020-01-22 22:00:00,168.16,168.23,167.76,167.91,2935.28651
147,2020-01-22 23:00:00,167.91,168.08,167.5,167.57,1979.17975
148,2020-01-23 00:00:00,167.56,168.22,167.5,168.07,7424.53117
149,2020-01-23 01:00:00,168.07,168.2,166.78,167.16,10752.4162
150,2020-01-23 02:00:00,167.21,167.45,164.72,164.92,24532.14593
151,2020-01-23 03:00:00,164.89,165.96,164.18,165.89,17920.45351
152,2020-01-23 04:00:00,165.91,166.14,165.4,165.44,15585.25543
153,2020-01-23 05:00:00,165.44,165.57,164.24,164.73,14830.80311
154,2020-01-23 06:00:00,164.72,164.73,162.71,163.97,29221.98591
155,2020-01-23 07:00:00,163.98,164.23,163.25,163.88,10065.62118
156,2020-01-23 08:00:00,163.89,165.31,163.35,164.88,17002.31759
157,2020-01-23 09:00:00,164.86,165.69,163.71,163.71,17155.65094
158,2020-01-23 10:00:00,163.71,163.9,163.0,163.48,19506.56137
159,2020-01-23 11:00:00,163.47,163.9,162.5,163.57,14254.17272
160,2020-01-23 12:00:00,163.57,163.57,162.59,162.7,11851.88862
161,2020-01-23 13:00:00,162.7,163.31,161.73,162.78,19007.63109
162,2020-01-23 14:00:00,162.77,162.78,161.08,161.61,17199.3251
163,2020-01-23 15:00:00,161.62,162.43,161.22,162.2,13446.35058
164,2020-01-23 16:00:00,162.2,163.9,161.98,163.15,14599.07101
165,2020-01-23 17:00:00,163.17,163.45,161.95,162.38,10950.00177
166,2020-01-23 18:00:00,162.37,163.47,161.2,161.74,11670.73364
167,2020-01-23 19:00:00,161.74,161.81,159.21,159.8,36873.66596
168,2020-01-23 20:00:00,159.79,160.91,159.45,160.63,8515.40484
169,2020-01-23 21:00:00,160.62,161.23,159.85,161.14,8510.53547
170,2020-01-23 22:00:00,161.07,163.28,160.94,162.51,14219.56328
171,2020-01-23 23:00:00,162.47,163.46,162.44,163.0,5517.24041
172,2020-01-24 00:00:00,163.01,163.22,161.74,162.81,10225.55419
173,2020-01-24 01:00:00,162.85,163.41,162.08,163.07,10385.48234
174,2020-01-24 02:00:00,163.07,163.42,161.33,161.36,16272.71618
175,2020-01-24 03:00:00,161.37,161.66,157.5,158.63,34607.59354
176,2020-01-24 04:00:00,158.64,159.88,158.28,158.99,11297.9605
177,2020-01-24 05:00:00,158.99,159.79,158.25,158.31,13151.99393
178,2020-01-24 06:00:00,158.31,159.59,158.29,159.41,9161.56945
179,2020-01-24 07:00:00,159.44,159.98,158.7,159.54,10456.77467
180,2020-01-24 08:00:00,159.53,159.84,158.45,159.25,10476.73612
181,2020-01-24 09:00:00,159.24,159.29,158.47,158.89,8896.55579
182,2020-01-24 10:00:00,158.89,159.14,155.73,156.14,40827.37679
183,2020-01-24 11:00:00,156.14,157.62,155.82,156.35,20072.29845
184,2020-01-24 12:00:00,156.36,161.02,155.55,160.63,42122.89274
185,2020-01-24 13:00:00,160.7,162.0,160.0,161.36,30145.13161
186,2020-01-24 14:00:00,161.36,161.96,160.0,161.73,18546.96954
187,2020-01-24 15:00:00,161.75,163.32,161.08,162.04,28046.45968
188,2020-01-24 16:00:00,162.07,162.95,161.21,162.62,20912.26593
189,2020-01-24 17:00:00,162.67,163.19,160.92,160.92,16777.839
190,2020-01-24 18:00:00,160.92,161.58,160.6,161.18,6921.86368
191,2020-01-24 19:00:00,161.17,162.5,161.15,161.77,14219.3967
192,2020-01-24 20:00:00,161.72,164.45,161.56,163.71,29294.20035
193,2020-01-24 21:00:00,163.7,164.37,162.59,163.35,12491.40754
194,2020-01-24 22:00:00,163.32,163.76,163.06,163.27,3981.63606
195,2020-01-24 23:00:00,163.25,163.38,162.0,163.07,11657.87288
196,2020-01-25 00:00:00,163.06,164.01,162.1,162.54,9288.20555
197,2020-01-25 01:00:00,162.51,162.58,158.02,158.63,40896.67428
198,2020-01-25 02:00:00,158.55,159.32,157.61,158.49,18874.47444
199,2020-01-25 03:00:00,158.58,159.47,158.3,159.24,5915.70171
200,2020-01-25 04:00:00,159.24,159.85,158.66,159.05,4150.93225
201,2020-01-25 05:00:00,159.0,160.61,158.65,159.42,6051.25171
202,2020-01-25 06:00:00,159.41,159.96,158.69,159.63,6419.2367
203,2020-01-25 07:00:00,159.64,160.22,159.35,159.42,5634.35544
204,2020-01-25 08:00:00,159.4,160.19,159.27,159.53,6234.67582
205,2020-01-25 09:00:00,159.53,161.52,159.36,161.22,16420.85998
206,2020-01-25 10:00:00,161.25,161.44,160.07,160.48,8741.64687
207,2020-01-25 11:00:00,160.49,160.9,158.8,159.45,11129.61488
208,2020-01-25 12:00:00,159.48,159.85,158.81,159.29,7330.02858
209,2020-01-25 13:00:00,159.3,159.77,158.78,158.83,5363.40148
210,2020-01-25 14:00:00,158.83,160.91,158.7,160.06,10134.1639
211,2020-01-25 15:00:00,160.12,161.0,160.0,160.01,5601.61484
212,2020-01-25 16:00:00,160.0,160.65,159.61,160.41,3916.49583
213,2020-01-25 17:00:00,160.43,161.6,160.0,161.04,10853.61254
214,2020-01-25 18:00:00,161.06,161.35,160.27,160.39,4774.52795
215,2020-01-25 19:00:00,160.39,160.96,159.95,160.6,2329.17731
216,2020-01-25 20:00:00,160.63,161.32,160.57,161.0,6817.20991
217,2020-01-25 21:00:00,161.0,161.29,160.72,161.19,5834.25026
218,2020-01-25 22:00:00,161.2,162.3,161.04,161.58,8882.22496
219,2020-01-25 23:00:00,161.61,162.79,161.0,161.1,9319.91668
220,2020-01-26 00:00:00,161.12,161.87,160.14,160.35,8295.60365
221,2020-01-26 01:00:00,160.36,160.55,159.41,160.12,10695.39271
222,2020-01-26 02:00:00,160.12,161.04,159.84,160.28,4942.68629
223,2020-01-26 03:00:00,160.28,160.29,159.61,159.64,4127.4248
224,2020-01-26 04:00:00,159.67,161.78,159.6,161.22,9505.92065
225,2020-01-26 05:00:00,161.22,161.22,160.46,160.86,4779.851
226,2020-01-26 06:00:00,160.87,161.69,160.76,161.0,4410.32714
227,2020-01-26 07:00:00,161.0,161.4,160.59,160.81,4986.46777
228,2020-01-26 08:00:00,160.82,161.38,160.61,161.23,3048.43461
229,2020-01-26 09:00:00,161.24,163.63,160.87,162.41,27876.63242
230,2020-01-26 10:00:00,162.4,163.0,161.8,162.37,7974.12981
231,2020-01-26 11:00:00,162.35,163.24,162.02,162.87,9591.06755
232,2020-01-26 12:00:00,162.86,163.45,162.54,163.14,11294.47941
233,2020-01-26 13:00:00,163.17,164.1,162.89,163.54,14448.74044
234,2020-01-26 14:00:00,163.57,163.94,162.78,163.31,9757.96616
235,2020-01-26 15:00:00,163.32,163.67,162.96,163.32,5727.13404
236,2020-01-26 16:00:00,163.31,164.0,162.96,163.37,6583.42992
237,2020-01-26 17:00:00,163.35,164.75,163.19,164.74,19525.95872
238,2020-01-26 18:00:00,164.74,167.05,164.5,166.44,28669.94959
239,2020-01-26 19:00:00,166.42,167.0,165.88,166.36,13140.27064
240,2020-01-26 20:00:00,166.4,166.5,165.8,166.18,9488.54302
241,2020-01-26 21:00:00,166.12,167.7,166.0,166.56,14758.82755
242,2020-01-26 22:00:00,166.57,167.7,166.51,167.22,6746.85793
243,2020-01-26 23:00:00,167.23,167.82,166.56,167.04,9306.8584
244,2020-01-27 00:00:00,167.05,168.08,166.91,167.86,10195.20701
245,2020-01-27 01:00:00,167.91,169.75,167.85,168.46,22549.31841
246,2020-01-27 02:00:00,168.45,169.54,168.17,168.26,10633.15336
247,2020-01-27 03:00:00,168.25,168.41,167.43,167.68,9836.92076
248,2020-01-27 04:00:00,167.68,167.95,167.38,167.7,8687.42047
249,2020-01-27 05:00:00,167.69,168.67,166.44,166.99,20449.12793
250,2020-01-27 06:00:00,166.99,167.6,166.39,167.1,8662.00235
251,2020-01-27 07:00:00,167.12,167.87,166.87,167.4,8080.63788
252,2020-01-27 08:00:00,167.39,167.59,167.03,167.32,6528.28513
253,2020-01-27 09:00:00,167.32,167.35,165.22,165.86,22098.27797
254,2020-01-27 10:00:00,165.82,166.71,165.37,166.5,9335.12997
255,2020-01-27 11:00:00,166.51,167.41,165.76,165.94,11596.14998
256,2020-01-27 12:00:00,165.99,168.9,165.8,168.6,22909.39727
257,2020-01-27 13:00:00,168.57,170.07,168.16,169.55,26134.13405
258,2020-01-27 14:00:00,169.58,170.9,168.76,169.1,21697.22355
259,2020-01-27 15:00:00,169.1,170.1,168.76,170.07,12920.67882
260,2020-01-27 16:00:00,170.06,170.78,169.53,170.03,16165.06544
261,2020-01-27 17:00:00,170.01,171.2,169.09,170.3,20596.94466
262,2020-01-27 18:00:00,170.3,171.24,169.42,169.7,13702.76996
263,2020-01-27 19:00:00,169.7,171.27,169.16,171.27,13803.57998
264,2020-01-27 20:00:00,171.25,172.56,170.26,171.2,35922.69229
265,2020-01-27 21:00:00,171.2,172.0,171.0,171.97,11944.18314
266,2020-01-27 22:00:00,171.99,172.04,170.64,171.59,12770.04315
267,2020-01-27 23:00:00,171.58,171.66,169.63,170.2,9153.37013
268,2020-01-28 00:00:00,170.2,170.85,169.88,170.08,9718.31252
269,2020-01-28 01:00:00,170.04,172.75,170.03,171.44,22419.0878
270,2020-01-28 02:00:00,171.44,174.0,171.44,173.41,30317.78399
271,2020-01-28 03:00:00,173.43,173.56,172.66,173.26,12813.64597
272,2020-01-28 04:00:00,173.26,173.31,172.1,173.12,10792.14222
273,2020-01-28 05:00:00,173.12,173.72,172.26,172.43,18242.83565
274,2020-01-28 06:00:00,172.41,172.75,171.22,172.14,15695.92268
275,2020-01-28 07:00:00,172.1,172.46,170.65,171.54,16541.23092
276,2020-01-28 08:00:00,171.55,172.98,171.24,172.0,24513.95345
277,2020-01-28 09:00:00,171.98,171.98,170.83,171.0,15399.47185
278,2020-01-28 10:00:00,171.03,171.49,170.54,170.7,13056.51904
279,2020-01-28 11:00:00,170.7,172.21,170.23,171.89,14347.61173
280,2020-01-28 12:00:00,171.88,173.13,171.44,171.95,19999.63103
281,2020-01-28 13:00:00,171.93,172.08,170.51,171.48,18734.31805
282,2020-01-28 14:00:00,171.51,172.57,171.16,172.0,19685.12818
283,2020-01-28 15:00:00,172.0,174.55,171.8,172.14,44363.82419
284,2020-01-28 16:00:00,172.14,173.06,170.64,172.35,46304.63722
285,2020-01-28 17:00:00,172.34,172.96,171.06,171.1,17444.90435
286,2020-01-28 18:00:00,171.11,171.53,170.04,171.03,17154.59569
287,2020-01-28 19:00:00,171.01,171.7,170.71,170.97,8056.98866
288,2020-01-28 20:00:00,170.95,171.86,170.6,171.23,8674.56377
289,2020-01-28 21:00:00,171.18,172.75,171.15,172.43,11613.80143
290,2020-01-28 22:00:00,172.44,174.01,171.95,171.95,13819.0884
291,2020-01-28 23:00:00,171.94,174.29,171.92,173.6,9552.85426
292,2020-01-29 00:00:00,173.58,176.2,173.19,175.64,43889.35556
293,2020-01-29 01:00:00,175.58,176.99,175.14,175.8,27001.99772
294,2020-01-29 02:00:00,175.8,177.56,175.76,176.89,20178.21516
295,2020-01-29 03:00:00,176.89,177.37,175.53,175.79,14554.50032
296,2020-01-29 04:00:00,175.83,176.8,175.79,176.47,12925.45673
297,2020-01-29 05:00:00,176.47,177.15,175.86,176.33,10791.60453
298,2020-01-29 06:00:00,176.33,177.06,176.22,176.8,9889.75386
299,2020-01-29 07:00:00,176.8,178.45,176.75,177.46,16085.55873
300,2020-01-29 08:00:00,177.42,178.3,176.82,178.08,19499.68598
301,2020-01-29 09:00:00,178.03,178.35,177.57,178.32,10069.03104
302,2020-01-29 10:00:00,178.33,178.35,176.05,176.39,14872.28059
303,2020-01-29 11:00:00,176.38,178.14,174.53,177.75,27430.24595
304,2020-01-29 12:00:00,177.77,177.92,175.0,176.17,19941.23853
305,2020-01-29 13:00:00,176.19,176.34,174.8,175.59,10141.33124
306,2020-01-29 14:00:00,175.59,176.54,175.01,175.83,11386.71179
307,2020-01-29 15:00:00,175.87,176.53,175.14,176.43,7457.11162
308,2020-01-29 16:00:00,176.43,176.49,174.93,175.09,11617.08476
309,2020-01-29 17:00:00,175.1,177.13,174.59,176.79,13267.92985
310,2020-01-29 18:00:00,176.79,176.9,175.91,176.1,8486.02958
311,2020-01-29 19:00:00,176.11,176.69,175.96,176.38,5377.8967
312,2020-01-29 20:00:00,176.38,176.92,175.63,176.63,8314.16931
313,2020-01-29 21:00:00,176.63,176.83,175.55,176.5,6439.49843
314,2020-01-29 22:00:00,176.46,177.24,175.49,176.11,12723.92116
315,2020-01-29 23:00:00,176.11,176.37,175.25,175.88,4909.02246
316,2020-01-30 00:00:00,175.85,176.11,173.33,173.72,14022.62557
317,2020-01-30 01:00:00,173.68,173.98,170.93,173.02,29183.3772
318,2020-01-30 02:00:00,173.0,174.0,171.87,173.85,9262.6969
319,2020-01-30 03:00:00,173.83,173.83,171.94,172.35,7666.79206
320,2020-01-30 04:00:00,172.34,173.49,172.27,173.44,6451.73253
321,2020-01-30 05:00:00,173.44,174.6,173.37,174.25,10408.54086
322,2020-01-30 06:00:00,174.27,174.5,173.62,173.85,12642.02063
323,2020-01-30 07:00:00,173.85,174.35,173.41,174.01,9231.28166
324,2020-01-30 08:00:00,174.01,176.55,174.01,176.09,19563.9123
325,2020-01-30 09:00:00,176.07,176.8,175.41,175.97,14018.82326
326,2020-01-30 10:00:00,175.96,176.63,174.83,175.83,11288.87302
327,2020-01-30 11:00:00,175.82,176.09,174.69,174.79,6040.39556
328,2020-01-30 12:00:00,174.78,175.45,174.3,175.27,8580.66868
329,2020-01-30 13:00:00,175.28,176.82,175.04,176.41,15939.06227
330,2020-01-30 14:00:00,176.41,177.66,175.94,177.08,15959.75108
331,2020-01-30 15:00:00,177.12,177.65,175.34,175.73,20915.52668
332,2020-01-30 16:00:00,175.75,177.64,175.55,177.63,15319.44322
333,2020-01-30 17:00:00,177.62,180.37,175.0,177.73,77546.37491
334,2020-01-30 18:00:00,177.75,180.45,177.74,179.58,41948.10765
335,2020-01-30 19:00:00,179.58,181.34,179.56,181.09,29467.46155
336,2020-01-30 20:00:00,181.1,182.24,180.34,181.5,21621.91784
337,2020-01-30 21:00:00,181.49,185.52,181.49,184.73,41626.25641
338,2020-01-30 22:00:00,184.73,185.3,183.33,185.16,14939.49321
339,2020-01-30 23:00:00,185.2,186.7,184.0,186.66,13712.49341
340,2020-01-31 00:00:00,186.67,187.0,182.97,184.69,24386.65801
341,2020-01-31 01:00:00,184.71,185.82,183.71,184.08,13526.16409
342,2020-01-31 02:00:00,184.09,185.1,183.2,183.99,13467.63477
343,2020-01-31 03:00:00,183.95,184.03,181.65,183.2,18210.03776
344,2020-01-31 04:00:00,183.22,184.31,183.07,183.42,13358.3441
345,2020-01-31 05:00:00,183.42,183.67,181.7,182.29,15827.6395
346,2020-01-31 06:00:00,182.27,182.73,180.52,181.26,18830.2647
347,2020-01-31 07:00:00,181.24,183.51,180.86,183.22,12884.39216
348,2020-01-31 08:00:00,183.16,183.26,181.78,182.48,9898.24691
349,2020-01-31 09:00:00,182.47,183.15,181.33,182.75,10769.06119
350,2020-01-31 10:00:00,182.74,183.58,181.95,182.21,12933.95153
351,2020-01-31 11:00:00,182.21,182.69,180.25,181.62,24593.03829
352,2020-01-31 12:00:00,181.62,181.62,180.44,180.9,14607.79198
353,2020-01-31 13:00:00,180.86,180.88,176.5,178.01,50417.38271
354,2020-01-31 14:00:00,178.01,178.87,175.22,178.23,34355.5666
355,2020-01-31 15:00:00,178.28,178.95,176.36,177.93,16454.06275
356,2020-01-31 16:00:00,177.9,180.05,177.73,180.04,16194.46569
357,2020-01-31 17:00:00,180.01,180.63,177.53,178.48,22298.20605
358,2020-01-31 18:00:00,178.49,178.97,177.9,178.43,10234.72677
359,2020-01-31 19:00:00,178.42,179.49,178.27,179.47,8830.98685
360,2020-01-31 20:00:00,179.47,179.95,179.05,179.41,8042.88543
361,2020-01-31 21:00:00,179.41,180.91,179.21,180.5,14070.27204
362,2020-01-31 22:00:00,180.49,181.2,180.15,180.95,6823.9472
363,2020-01-31 23:00:00,181.01,182.44,180.68,181.88,8290.36991
364,2020-02-01 00:00:00,181.89,182.0,179.25,179.99,10677.09467
365,2020-02-01 01:00:00,179.94,181.47,179.23,181.09,9973.4255
366,2020-02-01 02:00:00,181.09,183.86,181.06,183.76,17178.44923
367,2020-02-01 03:00:00,183.75,184.28,182.7,183.88,16518.90154
368,2020-02-01 04:00:00,183.84,184.06,182.54,183.51,10981.05291
369,2020-02-01 05:00:00,183.46,183.64,181.93,181.95,7809.54355
370,2020-02-01 06:00:00,181.95,182.36,181.46,181.51,10219.24171
371,2020-02-01 07:00:00,181.48,182.49,181.48,182.07,7219.40532
372,2020-02-01 08:00:00,182.08,183.94,182.08,183.13,13444.16044
373,2020-02-01 09:00:00,183.13,183.32,180.41,181.19,19200.83729
374,2020-02-01 10:00:00,181.19,181.64,180.64,181.34,12450.36289
375,2020-02-01 11:00:00,181.32,181.98,180.86,181.32,7401.63733
376,2020-02-01 12:00:00,181.35,181.35,179.8,180.94,17605.34051
377,2020-02-01 13:00:00,180.92,181.23,179.81,180.08,8546.40615
378,2020-02-01 14:00:00,180.07,182.53,180.01,181.94,16713.65545
379,2020-02-01 15:00:00,181.94,182.25,180.68,181.87,7354.4662
380,2020-02-01 16:00:00,181.85,182.65,181.3,181.48,10540.91343
381,2020-02-01 17:00:00,181.48,183.6,181.32,183.5,12820.11277
382,2020-02-01 18:00:00,183.47,183.9,182.83,182.94,11529.96498
383,2020-02-01 19:00:00,182.93,183.85,182.66,183.4,11837.3763
384,2020-02-01 20:00:00,183.41,183.45,182.27,182.81,4882.79881
385,2020-02-01 21:00:00,182.81,183.58,182.23,183.4,4731.45172
386,2020-02-01 22:00:00,183.37,183.7,182.37,182.79,5759.24443
387,2020-02-01 23:00:00,182.79,183.62,182.66,183.06,4356.8502
388,2020-02-02 00:00:00,183.07,184.19,182.96,183.6,10294.53036
389,2020-02-02 01:00:00,183.63,183.68,181.25,181.56,11621.12422
390,2020-02-02 02:00:00,181.62,182.26,181.06,181.95,8516.01362
391,2020-02-02 03:00:00,181.99,181.99,179.81,180.52,19825.08272
392,2020-02-02 04:00:00,180.55,181.12,180.04,180.58,8811.27277
393,2020-02-02 05:00:00,180.58,182.18,179.1,181.85,21421.81738
394,2020-02-02 06:00:00,181.86,182.24,181.33,181.92,10035.9185
395,2020-02-02 07:00:00,181.92,187.19,181.47,186.04,52071.59754
396,2020-02-02 08:00:00,186.04,188.02,185.93,187.17,44635.30332
397,2020-02-02 09:00:00,187.17,187.6,186.26,187.3,21476.65228
398,2020-02-02 10:00:00,187.34,188.97,186.8,188.83,26187.40716
399,2020-02-02 11:00:00,188.83,191.88,188.82,190.77,52031.13715
400,2020-02-02 12:00:00,190.83,192.25,190.17,191.71,25780.48207
401,2020-02-02 13:00:00,191.76,193.43,190.31,191.05,42087.69323
402,2020-02-02 14:00:00,191.02,191.56,190.19,190.74,21507.36688
403,2020-02-02 15:00:00,190.75,192.12,189.48,191.58,35432.1244
404,2020-02-02 16:00:00,191.55,193.32,190.9,192.49,21510.89851
405,2020-02-02 17:00:00,192.47,193.23,191.19,191.21,22324.80323
406,2020-02-02 18:00:00,191.23,191.93,190.36,191.12,13811.4861
407,2020-02-02 19:00:00,191.12,192.0,191.0,191.6,9669.84119
408,2020-02-02 20:00:00,191.6,192.5,191.32,191.5,12729.37855
409,2020-02-02 21:00:00,191.56,192.39,191.1,192.23,11069.23408
410,2020-02-02 22:00:00,192.23,192.5,191.48,191.5,7460.48116
411,2020-02-02 23:00:00,191.53,191.56,188.82,189.18,29557.73141
412,2020-02-03 00:00:00,189.2,189.8,188.04,188.44,23046.28872
413,2020-02-03 01:00:00,188.48,192.0,187.21,191.72,30782.97589
414,2020-02-03 02:00:00,191.71,195.19,191.05,192.23,51996.92178
415,2020-02-03 03:00:00,192.23,192.43,189.0,190.38,39010.36272
416,2020-02-03 04:00:00,190.38,191.64,189.65,191.39,15889.53348
417,2020-02-03 05:00:00,191.39,191.89,190.51,190.9,8699.70012
418,2020-02-03 06:00:00,190.89,192.11,190.61,191.25,12571.20108
419,2020-02-03 07:00:00,191.31,191.75,190.9,191.09,8749.55561
420,2020-02-03 08:00:00,191.08,191.1,189.5,190.04,15699.75775
421,2020-02-03 09:00:00,190.04,190.81,189.7,190.09,10450.91619
422,2020-02-03 10:00:00,190.09,190.17,188.7,188.9,14960.23506
423,2020-02-03 11:00:00,188.94,189.05,187.7,187.98,19557.17284
424,2020-02-03 12:00:00,187.98,190.68,187.68,189.84,14663.24098
425,2020-02-03 13:00:00,189.84,191.5,189.27,189.93,14408.53051
426,2020-02-03 14:00:00,189.95,190.22,188.01,188.83,16373.94523
427,2020-02-03 15:00:00,188.79,190.12,188.01,189.68,17538.19446
428,2020-02-03 16:00:00,189.7,189.74,187.42,187.58,25162.63708
429,2020-02-03 17:00:00,187.59,189.5,186.62,187.88,28356.32192
430,2020-02-03 18:00:00,187.83,189.08,187.13,188.93,10428.94557
431,2020-02-03 19:00:00,188.91,189.84,187.83,189.67,12145.13258
432,2020-02-03 20:00:00,189.67,190.24,188.96,190.17,9508.28606
433,2020-02-03 21:00:00,190.2,191.8,190.03,190.46,17641.66011
434,2020-02-03 22:00:00,190.46,190.81,188.98,189.61,7096.2368
435,2020-02-03 23:00:00,189.56,190.55,189.26,189.31,3943.49395
436,2020-02-04 00:00:00,189.35,190.5,188.13,189.69,11541.00004
437,2020-02-04 01:00:00,189.74,191.6,189.68,190.76,13730.74948
438,2020-02-04 02:00:00,190.76,191.43,189.12,189.19,13528.17432
439,2020-02-04 03:00:00,189.22,190.66,189.19,190.04,8983.39788
440,2020-02-04 04:00:00,190.05,190.05,188.0,188.04,12864.25596
441,2020-02-04 05:00:00,188.08,189.0,186.9,187.2,22018.1197
442,2020-02-04 06:00:00,187.2,188.16,186.18,188.15,19399.07831
443,2020-02-04 07:00:00,188.15,188.41,187.5,188.14,11840.8992
444,2020-02-04 08:00:00,188.15,189.13,187.86,188.28,11538.68806
445,2020-02-04 09:00:00,188.28,188.48,186.94,186.99,16407.99138
446,2020-02-04 10:00:00,187.05,187.88,185.32,185.64,32431.68347
447,2020-02-04 11:00:00,185.65,186.58,184.69,185.42,27972.35029
448,2020-02-04 12:00:00,185.42,188.0,184.95,186.91,29588.73168
449,2020-02-04 13:00:00,186.87,187.2,184.77,185.59,18457.73748
450,2020-02-04 14:00:00,185.55,186.05,184.79,185.82,15310.70026
451,2020-02-04 15:00:00,185.81,186.78,185.02,186.65,13726.49842
452,2020-02-04 16:00:00,186.69,188.85,186.22,188.37,29878.16821
453,2020-02-04 17:00:00,188.37,189.8,187.77,189.24,18495.62124
454,2020-02-04 18:00:00,189.23,189.32,188.5,189.15,8814.77548
455,2020-02-04 19:00:00,189.15,189.65,187.93,188.69,9286.25108
456,2020-02-04 20:00:00,188.69,188.86,187.78,187.92,6285.8234
457,2020-02-04 21:00:00,187.93,188.28,186.9,188.22,9550.88279
458,2020-02-04 22:00:00,188.25,188.67,187.78,188.09,4555.79274
459,2020-02-04 23:00:00,188.04,189.29,187.73,189.28,5186.30173
460,2020-02-05 00:00:00,189.25,189.52,188.24,188.91,6537.0243
461,2020-02-05 01:00:00,188.91,190.28,188.85,189.63,15459.32315
462,2020-02-05 02:00:00,189.65,190.2,188.35,188.46,9647.99597
463,2020-02-05 03:00:00,188.46,189.55,188.19,189.5,6650.81721
464,2020-02-05 04:00:00,189.47,189.95,188.63,189.86,12134.6878
465,2020-02-05 05:00:00,189.85,190.34,189.1,190.3,12568.54211
466,2020-02-05 06:00:00,190.3,191.39,189.85,191.18,23611.54859
467,2020-02-05 07:00:00,191.17,192.17,190.79,191.07,25806.34204
468,2020-02-05 08:00:00,191.07,191.88,190.44,190.87,15594.76201
469,2020-02-05 09:00:00,190.83,191.55,190.29,191.39,11240.51617
470,2020-02-05 10:00:00,191.42,191.96,191.0,191.23,9005.3649
471,2020-02-05 11:00:00,191.23,196.23,191.04,195.19,55777.93703
472,2020-02-05 12:00:00,195.2,197.89,194.38,197.53,35726.09132
473,2020-02-05 13:00:00,197.57,198.5,195.61,196.3,44617.22893
474,2020-02-05 14:00:00,196.31,198.3,196.27,197.52,22909.28046
475,2020-02-05 15:00:00,197.52,198.3,196.3,197.5,22124.35768
476,2020-02-05 16:00:00,197.52,199.22,197.1,198.86,23664.54287
477,2020-02-05 17:00:00,198.86,200.45,198.3,199.94,35939.63925
478,2020-02-05 18:00:00,199.93,201.36,199.52,201.03,21974.82315
479,2020-02-05 19:00:00,201.02,204.93,201.01,203.31,53459.26477
480,2020-02-05 20:00:00,203.34,204.36,201.03,202.02,22158.63724
481,2020-02-05 21:00:00,202.03,203.71,202.0,203.49,11691.50575
482,2020-02-05 22:00:00,203.5,207.61,203.31,206.68,24857.24589
483,2020-02-05 23:00:00,206.68,206.81,204.11,204.76,14375.34674
484,2020-02-06 00:00:00,204.75,206.8,203.7,203.78,19946.31314
485,2020-02-06 01:00:00,203.78,204.99,201.02,203.14,25687.08259
486,2020-02-06 02:00:00,203.14,205.1,202.49,204.26,19001.4835
487,2020-02-06 03:00:00,204.26,204.68,202.42,203.18,11100.28291
488,2020-02-06 04:00:00,203.18,206.6,202.86,206.53,15789.40224
489,2020-02-06 05:00:00,206.59,206.59,204.81,205.93,15820.46532
490,2020-02-06 06:00:00,205.92,207.53,205.3,206.78,13664.47878
491,2020-02-06 07:00:00,206.77,208.16,205.57,207.32,21465.96067
492,2020-02-06 08:00:00,207.32,212.06,206.69,209.26,42588.70585
493,2020-02-06 09:00:00,209.28,210.33,208.27,209.37,31719.11146
494,2020-02-06 10:00:00,209.37,209.8,207.6,209.77,19793.6894
495,2020-02-06 11:00:00,209.79,210.81,209.02,210.42,25694.19674
496,2020-02-06 12:00:00,210.42,210.99,208.79,210.41,24474.88256
497,2020-02-06 13:00:00,210.38,215.2,210.3,214.97,49814.75646
498,2020-02-06 14:00:00,214.98,216.33,205.19,210.68,85332.76487
499,2020-02-06 15:00:00,210.68,215.66,208.36,213.62,56109.3871
500,2020-02-06 16:00:00,213.68,213.99,210.28,212.41,29312.11992
501,2020-02-06 17:00:00,212.4,214.33,210.86,213.48,28318.70703
502,2020-02-06 18:00:00,213.48,214.3,212.37,213.13,15184.4667
503,2020-02-06 19:00:00,213.13,213.32,211.41,212.88,12765.25033
504,2020-02-06 20:00:00,212.91,213.5,211.36,211.83,17008.00306
505,2020-02-06 21:00:00,211.83,213.6,211.32,213.4,13283.16526
506,2020-02-06 22:00:00,213.41,214.14,212.93,213.69,9508.50942
507,2020-02-06 23:00:00,213.69,214.26,211.38,211.47,11317.7822
508,2020-02-07 00:00:00,211.44,213.78,211.15,213.19,13485.56893
509,2020-02-07 01:00:00,213.16,218.24,213.14,217.73,36885.55672
510,2020-02-07 02:00:00,217.81,219.91,217.19,219.31,30601.95789
511,2020-02-07 03:00:00,219.32,221.0,219.07,219.29,50373.53782
512,2020-02-07 04:00:00,219.31,220.21,217.0,217.2,27886.44872
513,2020-02-07 05:00:00,217.2,219.57,216.11,218.55,28923.29733
514,2020-02-07 06:00:00,218.55,219.39,217.11,217.73,21804.14923
515,2020-02-07 07:00:00,217.71,219.0,217.63,218.06,11843.43682
516,2020-02-07 08:00:00,218.06,219.14,217.13,218.96,17469.58537
517,2020-02-07 09:00:00,218.93,219.66,217.6,218.0,25547.97436
518,2020-02-07 10:00:00,218.0,219.69,217.75,218.91,18330.71987
519,2020-02-07 11:00:00,218.9,222.88,218.6,222.23,39434.74841
520,2020-02-07 12:00:00,222.23,225.0,220.01,220.4,66593.31975
521,2020-02-07 13:00:00,220.38,221.77,217.81,218.79,56155.93351
522,2020-02-07 14:00:00,218.81,221.25,218.81,220.49,26040.24607
523,2020-02-07 15:00:00,220.49,223.9,220.44,222.48,29566.90544
524,2020-02-07 16:00:00,222.45,223.26,220.54,221.59,18855.05412
525,2020-02-07 17:00:00,221.61,222.97,219.63,221.74,31406.27398
526,2020-02-07 18:00:00,221.74,222.3,220.62,220.9,10764.66478
527,2020-02-07 19:00:00,220.89,222.55,220.59,222.29,10887.92747
528,2020-02-07 20:00:00,222.25,222.31,221.07,221.41,9786.86009
529,2020-02-07 21:00:00,221.48,221.8,219.05,219.14,21309.12405
530,2020-02-07 22:00:00,219.13,220.77,218.64,219.91,13572.61441
531,2020-02-07 23:00:00,219.91,222.55,219.9,222.27,10383.98092
532,2020-02-08 00:00:00,222.26,224.26,221.64,223.33,14936.83753
533,2020-02-08 01:00:00,223.36,224.6,220.86,221.19,25024.77208
534,2020-02-08 02:00:00,221.19,221.55,219.59,221.36,20251.68108
535,2020-02-08 03:00:00,221.35,221.86,215.12,216.6,45079.60825
536,2020-02-08 04:00:00,216.6,217.82,213.22,217.32,45856.66345
537,2020-02-08 05:00:00,217.35,220.75,217.15,220.02,29457.57385
538,2020-02-08 06:00:00,219.97,221.71,218.75,220.43,24671.17556
539,2020-02-08 07:00:00,220.43,221.78,219.75,220.29,16349.98791
540,2020-02-08 08:00:00,220.29,221.0,220.0,220.45,11558.2187
541,2020-02-08 09:00:00,220.42,226.5,220.39,225.12,55821.1077
542,2020-02-08 10:00:00,225.11,226.56,222.61,224.6,34022.26628
543,2020-02-08 11:00:00,224.64,227.61,224.63,225.24,31279.08771
544,2020-02-08 12:00:00,225.27,226.74,224.74,226.18,20017.61234
545,2020-02-08 13:00:00,226.24,226.93,225.26,225.69,17422.77073
546,2020-02-08 14:00:00,225.69,227.75,223.57,225.74,33629.68296
547,2020-02-08 15:00:00,225.75,226.97,225.4,226.79,20447.60757
548,2020-02-08 16:00:00,226.82,227.13,224.4,225.1,19604.17588
549,2020-02-08 17:00:00,225.07,225.98,223.88,225.45,19591.26197
550,2020-02-08 18:00:00,225.36,225.5,223.22,224.19,15618.18956
551,2020-02-08 19:00:00,224.19,224.73,222.12,223.26,16351.46972
552,2020-02-08 20:00:00,223.25,225.14,223.21,224.8,9013.47869
553,2020-02-08 21:00:00,224.8,224.86,223.34,223.46,5416.58283
554,2020-02-08 22:00:00,223.42,224.31,222.56,222.83,10452.77355
555,2020-02-08 23:00:00,222.83,224.23,222.0,223.96,14746.54146
556,2020-02-09 00:00:00,223.93,224.9,223.01,223.05,6867.58482
557,2020-02-09 01:00:00,223.01,226.75,222.86,226.52,18317.5455
558,2020-02-09 02:00:00,226.51,226.52,225.02,225.98,11014.53774
559,2020-02-09 04:00:00,225.98,228.63,225.93,228.53,36470.59365
560,2020-02-09 05:00:00,228.56,229.0,227.18,227.72,18498.35134
561,2020-02-09 06:00:00,227.68,228.55,226.41,228.4,14493.58723
562,2020-02-09 07:00:00,228.4,228.93,227.85,228.3,11695.7067
563,2020-02-09 08:00:00,228.29,230.65,228.09,229.66,22112.8118
564,2020-02-09 09:00:00,229.66,230.18,228.45,228.99,21665.02896
565,2020-02-09 10:00:00,228.93,229.35,227.4,227.9,17568.66852
566,2020-02-09 11:00:00,227.9,229.05,226.82,228.9,11516.3007
567,2020-02-09 12:00:00,228.9,229.38,227.77,228.1,10693.20259
568,2020-02-09 13:00:00,228.1,229.13,228.09,228.45,8796.70955
569,2020-02-09 14:00:00,228.46,228.89,226.67,227.21,12933.72356
570,2020-02-09 15:00:00,227.21,228.18,225.27,226.18,17489.14238
571,2020-02-09 16:00:00,226.14,227.32,224.0,226.84,29847.81887
572,2020-02-09 17:00:00,226.83,228.16,226.0,227.83,19411.15049
573,2020-02-09 18:00:00,227.82,228.36,226.53,226.56,12051.5648
574,2020-02-09 19:00:00,226.56,226.9,225.68,226.13,8072.57827
575,2020-02-09 20:00:00,226.14,227.3,226.0,226.76,5979.73615
576,2020-02-09 21:00:00,226.78,226.85,224.19,224.84,11772.56905
577,2020-02-09 22:00:00,224.83,225.98,224.65,225.49,7274.04855
578,2020-02-09 23:00:00,225.49,227.92,225.49,227.89,8153.57785
579,2020-02-10 00:00:00,227.87,228.85,227.44,228.49,14507.28974
580,2020-02-10 01:00:00,228.53,229.4,227.32,228.86,17317.68611
581,2020-02-10 02:00:00,228.86,228.9,226.7,226.96,9036.26318
582,2020-02-10 03:00:00,226.92,227.35,225.62,226.71,14930.73453
583,2020-02-10 04:00:00,226.7,226.75,224.72,225.41,14705.5725
584,2020-02-10 05:00:00,225.41,225.76,222.0,224.43,29928.45685
585,2020-02-10 06:00:00,224.44,225.46,218.69,220.83,31461.33333
586,2020-02-10 07:00:00,220.83,225.16,220.33,223.22,38716.04459
587,2020-02-10 08:00:00,223.23,224.35,222.8,223.64,12500.29474
588,2020-02-10 09:00:00,223.64,223.87,219.71,220.94,33711.12805
589,2020-02-10 10:00:00,220.93,221.04,216.37,219.13,55779.70992
590,2020-02-10 11:00:00,219.13,220.46,218.14,220.16,23979.22532
591,2020-02-10 12:00:00,220.21,220.26,217.08,218.65,19250.63128
592,2020-02-10 13:00:00,218.58,220.15,217.6,219.95,20354.78117
593,2020-02-10 14:00:00,220.01,220.7,219.19,219.57,17527.86009
594,2020-02-10 15:00:00,219.6,223.8,219.06,223.41,28865.57978
595,2020-02-10 16:00:00,223.41,225.12,223.13,223.34,34868.64393
596,2020-02-10 17:00:00,223.34,224.15,221.2,221.93,26263.56823
597,2020-02-10 18:00:00,221.95,223.28,220.89,222.92,14048.48866
598,2020-02-10 19:00:00,222.95,223.64,221.15,221.7,12800.41212
599,2020-02-10 20:00:00,221.71,222.63,220.28,220.9,11840.02566
600,2020-02-10 21:00:00,220.91,222.99,220.91,222.67,11334.86667
601,2020-02-10 22:00:00,222.64,222.9,221.51,222.53,9433.50076
602,2020-02-10 23:00:00,222.52,223.9,221.72,223.42,7408.518
603,2020-02-11 00:00:00,223.42,225.0,222.88,222.89,14352.17402
604,2020-02-11 01:00:00,222.89,223.53,219.72,220.49,21715.98399
605,2020-02-11 02:00:00,220.41,221.18,218.39,220.45,25568.63878
606,2020-02-11 03:00:00,220.5,221.28,218.83,219.24,11303.08794
607,2020-02-11 04:00:00,219.23,220.37,218.38,219.03,12903.02986
608,2020-02-11 05:00:00,219.0,219.69,218.17,218.63,10730.06419
609,2020-02-11 06:00:00,218.65,220.62,218.63,219.23,12591.73356
610,2020-02-11 07:00:00,219.24,220.74,218.8,219.8,8947.57708
611,2020-02-11 08:00:00,219.79,220.19,218.2,218.61,14540.909
612,2020-02-11 09:00:00,218.62,220.6,218.23,220.6,14676.04873
613,2020-02-11 10:00:00,220.57,222.32,220.0,221.23,21984.60759
614,2020-02-11 11:00:00,221.26,222.2,220.31,221.09,12809.02918
615,2020-02-11 12:00:00,221.11,222.8,221.0,222.6,12893.92535
616,2020-02-11 13:00:00,222.6,224.27,222.12,223.21,24136.45803
617,2020-02-11 14:00:00,223.21,224.55,222.94,223.41,16762.15356
618,2020-02-11 15:00:00,223.39,224.2,222.0,222.52,13108.42514
619,2020-02-11 16:00:00,222.52,230.49,222.43,228.8,95464.06842
620,2020-02-11 17:00:00,228.82,232.0,227.8,231.54,62595.77309
621,2020-02-11 18:00:00,231.6,236.3,231.53,236.29,56236.03197
622,2020-02-11 19:00:00,236.27,239.15,234.93,236.48,59579.97601
623,2020-02-11 20:00:00,236.48,238.3,235.0,238.09,25723.07226
624,2020-02-11 21:00:00,238.12,238.75,235.1,237.78,20033.18632
625,2020-02-11 22:00:00,237.83,238.0,235.75,236.46,17685.1333
626,2020-02-11 23:00:00,236.46,237.83,236.14,236.99,10130.35313
627,2020-02-12 00:00:00,236.99,237.15,235.33,236.69,13457.63628
628,2020-02-12 01:00:00,236.69,247.5,236.69,247.07,69719.10136
629,2020-02-12 02:00:00,247.07,247.07,243.56,244.46,29143.93957
630,2020-02-12 03:00:00,244.48,244.9,241.76,243.91,22365.07011
631,2020-02-12 04:00:00,243.94,245.13,243.11,244.22,23139.65427
632,2020-02-12 05:00:00,244.2,246.28,244.07,244.92,16833.21827
633,2020-02-12 06:00:00,244.92,247.06,244.57,246.69,19289.77323
634,2020-02-12 07:00:00,246.64,248.84,245.4,248.82,26008.13936
635,2020-02-12 08:00:00,248.83,256.83,247.65,253.27,89036.43098
636,2020-02-12 09:00:00,253.23,254.09,250.0,252.7,56812.72337
637,2020-02-12 10:00:00,252.66,253.35,249.25,253.08,34800.79117
638,2020-02-12 11:00:00,253.08,256.11,251.01,254.3,53139.05011
639,2020-02-12 12:00:00,254.3,257.9,253.73,255.61,37254.96458
640,2020-02-12 13:00:00,255.61,256.1,253.51,255.57,26928.53375
641,2020-02-12 14:00:00,255.56,256.84,255.15,256.21,21831.5327
642,2020-02-12 15:00:00,256.21,257.99,252.67,255.88,46992.78874
643,2020-02-12 16:00:00,255.94,255.94,251.3,254.25,38781.82881
644,2020-02-12 17:00:00,254.24,263.93,253.39,262.0,68324.55453
645,2020-02-12 18:00:00,262.0,267.0,261.36,264.73,76322.82661
646,2020-02-12 19:00:00,264.64,266.21,263.5,265.99,26162.73848
647,2020-02-12 20:00:00,265.98,266.64,263.68,265.31,23434.41613
648,2020-02-12 21:00:00,265.31,274.49,265.06,273.71,49929.24061
649,2020-02-12 22:00:00,273.78,275.34,262.0,269.82,105803.70065
650,2020-02-12 23:00:00,269.8,271.51,267.09,267.94,26035.36742
651,2020-02-13 00:00:00,267.94,269.86,262.55,265.74,49983.36301
652,2020-02-13 01:00:00,265.74,273.0,265.0,272.21,41410.20813
653,2020-02-13 02:00:00,272.19,274.3,269.46,273.81,44125.13708
654,2020-02-13 03:00:00,273.81,274.48,270.42,272.31,44046.23998
655,2020-02-13 04:00:00,272.34,273.23,267.86,269.03,44500.44386
656,2020-02-13 05:00:00,269.11,271.6,268.85,269.45,19473.33162
657,2020-02-13 06:00:00,269.45,272.2,269.21,272.14,17815.03793
658,2020-02-13 07:00:00,272.19,273.73,270.96,272.49,30960.84897
659,2020-02-13 08:00:00,272.48,272.59,265.27,266.27,50021.64391
660,2020-02-13 09:00:00,266.25,268.31,256.08,261.86,144699.18338
661,2020-02-13 10:00:00,261.86,262.04,257.11,261.0,67384.53245
662,2020-02-13 11:00:00,261.0,264.66,259.12,262.79,46564.06538
663,2020-02-13 12:00:00,262.79,263.7,259.14,262.82,41229.0378
664,2020-02-13 13:00:00,262.81,270.67,261.25,268.36,54302.39806
665,2020-02-13 14:00:00,268.36,277.69,267.79,268.3,117822.05234
666,2020-02-13 15:00:00,268.76,273.67,262.28,269.78,115184.85629
667,2020-02-13 16:00:00,269.83,272.52,266.61,270.4,38634.56174
668,2020-02-13 17:00:00,270.54,272.5,266.19,266.7,41229.54242
669,2020-02-13 18:00:00,266.71,269.57,264.23,267.44,35934.11979
670,2020-02-13 19:00:00,267.47,269.25,266.93,267.34,11745.56625
671,2020-02-13 20:00:00,267.33,270.2,266.62,269.04,19353.06406
672,2020-02-13 21:00:00,269.08,269.5,265.67,266.42,13941.82334
673,2020-02-13 22:00:00,266.33,266.45,262.5,263.13,20530.12214
674,2020-02-13 23:00:00,263.02,267.4,262.74,266.27,13239.70074
675,2020-02-14 00:00:00,266.41,269.18,265.4,268.32,15531.63604
676,2020-02-14 01:00:00,268.34,269.5,264.0,268.08,24386.25859
677,2020-02-14 02:00:00,268.16,270.12,266.84,267.34,21704.24264
678,2020-02-14 03:00:00,267.3,268.76,267.24,267.98,6883.5723
679,2020-02-14 04:00:00,267.97,268.31,265.5,266.76,28290.51958
680,2020-02-14 05:00:00,266.64,270.15,264.47,266.82,27762.09254
681,2020-02-14 06:00:00,266.78,267.4,263.85,264.48,18145.71
682,2020-02-14 07:00:00,264.47,265.04,263.36,264.47,20439.72573
683,2020-02-14 08:00:00,264.47,265.36,260.28,262.86,29802.6519
684,2020-02-14 09:00:00,262.77,266.39,262.26,265.83,21574.21903
685,2020-02-14 10:00:00,265.84,268.84,265.39,268.15,24823.8532
686,2020-02-14 11:00:00,268.22,273.08,267.18,270.31,51777.64341
687,2020-02-14 12:00:00,270.29,271.59,267.7,270.95,30799.95153
688,2020-02-14 13:00:00,270.94,272.5,269.0,270.73,23839.22853
689,2020-02-14 14:00:00,270.71,271.18,269.11,270.22,16181.25433
690,2020-02-14 15:00:00,270.27,275.0,270.2,272.09,52423.40478
691,2020-02-14 16:00:00,272.15,274.45,271.65,272.91,27026.41738
692,2020-02-14 17:00:00,272.9,277.86,272.17,277.78,55260.20889
693,2020-02-14 18:00:00,277.78,280.38,276.03,279.18,56789.12747
694,2020-02-14 19:00:00,279.23,284.6,279.23,284.5,58471.39329
695,2020-02-14 20:00:00,284.5,285.0,279.41,282.5,47449.8071
696,2020-02-14 21:00:00,282.45,283.41,280.59,282.69,26867.99925
697,2020-02-14 22:00:00,282.69,284.3,281.64,282.3,17795.33221
698,2020-02-14 23:00:00,282.3,283.75,281.0,283.27,18125.29944
699,2020-02-15 00:00:00,283.34,287.15,282.02,285.15,28324.40954
700,2020-02-15 01:00:00,285.11,288.41,284.43,285.96,39720.32791
701,2020-02-15 02:00:00,285.94,286.38,277.71,279.28,44612.72349
702,2020-02-15 03:00:00,279.31,282.9,278.32,280.62,30872.26461
703,2020-02-15 04:00:00,280.55,284.0,280.31,282.1,14137.58656
704,2020-02-15 05:00:00,282.18,282.57,280.29,281.15,11216.96959
705,2020-02-15 06:00:00,281.15,281.4,278.23,278.49,17496.43815
706,2020-02-15 07:00:00,278.6,281.72,277.58,280.78,20803.13797
707,2020-02-15 08:00:00,280.77,281.11,277.8,279.48,25389.51225
708,2020-02-15 09:00:00,279.4,282.63,279.0,282.63,20900.36676
709,2020-02-15 10:00:00,282.63,284.34,281.17,283.99,16585.37348
710,2020-02-15 11:00:00,283.99,285.5,282.3,282.78,23419.99278
711,2020-02-15 12:00:00,282.79,283.6,280.61,281.54,17964.60194
712,2020-02-15 13:00:00,281.54,282.95,280.04,282.91,17956.58497
713,2020-02-15 14:00:00,282.96,283.47,281.12,282.25,16635.58137
714,2020-02-15 15:00:00,282.23,283.65,281.0,281.76,18251.57283
715,2020-02-15 16:00:00,281.77,282.21,267.67,274.06,102060.58418
716,2020-02-15 17:00:00,274.05,279.3,265.0,267.04,158152.90804
717,2020-02-15 18:00:00,267.03,271.23,261.91,262.84,91596.4619
718,2020-02-15 19:00:00,262.73,269.0,261.86,268.78,73755.44841
719,2020-02-15 20:00:00,268.78,270.09,266.23,266.63,35894.6862
720,2020-02-15 21:00:00,266.63,268.0,265.64,267.26,19078.52464
721,2020-02-15 22:00:00,267.26,269.35,266.24,268.1,12399.98647
722,2020-02-15 23:00:00,268.09,269.17,266.62,267.31,9549.21149
723,2020-02-16 00:00:00,267.31,267.61,262.73,264.88,22362.29675
724,2020-02-16 01:00:00,264.91,265.85,257.24,265.85,46655.5916
725,2020-02-16 02:00:00,265.86,268.3,265.25,267.94,19116.11473
726,2020-02-16 03:00:00,267.94,274.0,266.9,273.48,35444.18525
727,2020-02-16 04:00:00,273.42,273.88,270.49,271.3,21196.3819
728,2020-02-16 05:00:00,271.3,273.0,269.95,272.95,17585.03937
729,2020-02-16 06:00:00,272.94,273.8,268.3,270.88,25643.48544
730,2020-02-16 07:00:00,270.91,271.78,270.03,270.96,13190.80741
731,2020-02-16 08:00:00,271.0,272.34,270.1,270.25,11372.47016
732,2020-02-16 09:00:00,270.24,272.2,268.26,271.02,20069.98884
733,2020-02-16 10:00:00,271.02,272.99,269.41,269.93,17568.89284
734,2020-02-16 11:00:00,269.9,270.72,266.1,266.54,23559.28354
735,2020-02-16 12:00:00,266.55,269.5,265.9,265.98,26008.29791
736,2020-02-16 13:00:00,265.89,267.74,263.26,265.67,37573.27882
737,2020-02-16 14:00:00,265.67,267.03,260.7,266.56,58306.91295
738,2020-02-16 15:00:00,266.66,268.24,262.17,262.51,34467.44951
739,2020-02-16 16:00:00,262.49,264.08,256.06,258.83,92909.65279
740,2020-02-16 17:00:00,258.84,262.44,237.41,246.31,242998.07225
741,2020-02-16 18:00:00,246.41,252.86,242.19,250.59,114532.78982
742,2020-02-16 19:00:00,250.56,256.16,250.5,253.47,64425.29884
743,2020-02-16 20:00:00,253.44,253.44,246.39,249.76,48687.33785
744,2020-02-16 21:00:00,249.75,253.0,248.56,252.8,30085.47765
745,2020-02-16 22:00:00,252.8,254.25,251.29,251.8,19310.15825
746,2020-02-16 23:00:00,251.8,255.6,250.2,255.33,18856.96259
747,2020-02-17 00:00:00,255.54,263.3,255.01,258.85,70554.53364
748,2020-02-17 01:00:00,258.89,261.5,254.7,255.74,37620.18446
749,2020-02-17 02:00:00,255.74,258.74,254.15,254.56,24933.96773
750,2020-02-17 03:00:00,254.56,254.57,250.59,252.43,42839.09434
751,2020-02-17 04:00:00,252.44,253.35,246.23,249.48,39256.76613
752,2020-02-17 05:00:00,249.43,249.43,242.0,245.6,80569.5677
753,2020-02-17 06:00:00,245.59,251.65,245.38,249.58,46186.54637
754,2020-02-17 07:00:00,249.52,253.74,247.64,248.93,36322.90244
755,2020-02-17 08:00:00,248.92,253.0,248.1,248.64,24093.21614
756,2020-02-17 09:00:00,248.64,252.48,247.31,251.85,32684.40875
757,2020-02-17 10:00:00,251.87,254.06,250.14,250.97,26924.08389
758,2020-02-17 11:00:00,250.98,251.17,245.29,247.38,50146.00168
759,2020-02-17 12:00:00,247.36,250.87,242.58,248.17,106259.10388
760,2020-02-17 13:00:00,248.17,251.34,246.73,248.31,50903.60434
761,2020-02-17 14:00:00,248.31,250.18,244.2,245.1,39140.70892
762,2020-02-17 15:00:00,245.18,254.0,243.3,252.23,89677.04883
763,2020-02-17 16:00:00,252.25,258.49,249.85,256.48,82062.19065
764,2020-02-17 17:00:00,256.5,262.91,254.71,260.85,84448.36352
765,2020-02-17 18:00:00,260.85,262.15,254.38,258.69,50599.15352
766,2020-02-17 19:00:00,258.8,259.68,256.15,258.8,21080.86161
767,2020-02-17 20:00:00,258.79,261.68,257.72,260.4,22937.60051
768,2020-02-17 21:00:00,260.47,262.24,257.72,258.51,24516.04439
769,2020-02-17 22:00:00,258.38,261.57,257.77,259.73,18174.64326
770,2020-02-17 23:00:00,259.74,261.63,258.76,261.0,18414.11039
771,2020-02-18 00:00:00,261.0,268.77,260.45,267.85,60581.21749
772,2020-02-18 01:00:00,267.9,268.62,263.23,265.21,36343.65266
773,2020-02-18 02:00:00,265.34,271.63,265.28,268.99,59449.16059
774,2020-02-18 03:00:00,269.0,271.34,267.75,267.99,35276.41807
775,2020-02-18 04:00:00,267.96,270.38,267.15,269.18,32870.60624
776,2020-02-18 05:00:00,269.16,271.5,267.8,271.09,39921.25783
777,2020-02-18 06:00:00,271.09,271.53,268.07,268.86,24848.59111
778,2020-02-18 07:00:00,268.81,269.52,265.73,267.18,31307.61105
779,2020-02-18 08:00:00,267.17,269.7,266.35,268.71,23843.61912
780,2020-02-18 09:00:00,268.71,268.82,266.95,267.09,26961.17487
781,2020-02-18 10:00:00,267.1,267.3,262.1,264.62,62279.66713
782,2020-02-18 11:00:00,264.63,267.16,262.15,266.7,43731.20987
783,2020-02-18 12:00:00,266.7,268.0,265.26,267.5,25302.43781
784,2020-02-18 13:00:00,267.5,267.62,262.8,263.88,25776.37559
785,2020-02-18 14:00:00,263.83,265.06,258.0,263.17,57397.89098
786,2020-02-18 15:00:00,263.2,266.29,261.73,265.69,29853.41032
787,2020-02-18 16:00:00,265.69,275.1,265.69,273.66,125178.41257
788,2020-02-18 17:00:00,273.67,282.25,272.93,280.6,130122.48062
789,2020-02-18 18:00:00,280.59,281.68,277.83,280.55,55675.73735
790,2020-02-18 19:00:00,280.52,284.31,279.57,280.58,60592.17528
791,2020-02-18 20:00:00,280.63,285.56,279.5,284.68,41641.62116
792,2020-02-18 21:00:00,284.68,285.88,282.3,283.93,44744.28956
793,2020-02-18 22:00:00,283.91,285.69,276.34,280.8,58224.62061
794,2020-02-18 23:00:00,280.8,280.95,278.09,280.78,17970.5591
795,2020-02-19 00:00:00,280.79,284.46,280.78,282.61,26210.46043
796,2020-02-19 01:00:00,282.64,282.94,277.28,277.92,25788.27425
797,2020-02-19 02:00:00,277.92,280.5,277.84,278.42,15480.86985
798,2020-02-19 03:00:00,278.42,282.48,278.33,281.15,19533.73937
799,2020-02-19 04:00:00,281.17,281.37,279.27,280.15,11321.51922
800,2020-02-19 05:00:00,280.15,280.65,277.76,278.63,20129.38825
801,2020-02-19 06:00:00,278.62,281.16,278.32,280.42,16630.27255
802,2020-02-19 07:00:00,280.47,280.5,274.68,277.23,26076.55976
803,2020-02-19 08:00:00,277.1,278.47,274.89,276.65,23861.0907
804,2020-02-19 09:00:00,276.68,282.81,274.2,282.67,45633.00667
805,2020-02-19 10:00:00,282.66,282.76,277.42,278.71,27693.94741
806,2020-02-19 11:00:00,278.74,281.5,277.29,280.11,21938.70314
807,2020-02-19 12:00:00,279.99,281.5,279.99,281.5,5238.27895
808,2020-02-19 18:00:00,281.5,285.0,278.16,280.33,30005.13686
809,2020-02-19 19:00:00,280.33,282.0,279.38,281.29,19398.82412
810,2020-02-19 20:00:00,281.25,281.3,276.05,276.63,26952.89847
811,2020-02-19 21:00:00,276.72,277.58,269.58,275.29,81315.28633
812,2020-02-19 22:00:00,275.28,275.48,251.56,262.94,130509.89224
813,2020-02-19 23:00:00,262.93,266.73,255.33,264.67,105317.54554
814,2020-02-20 00:00:00,264.72,265.01,258.03,258.45,53148.4962
815,2020-02-20 01:00:00,258.44,264.33,256.5,262.66,53449.81356
816,2020-02-20 02:00:00,262.68,263.49,260.91,261.62,23435.31105
817,2020-02-20 03:00:00,261.61,262.1,257.73,261.55,55154.67483
818,2020-02-20 04:00:00,261.55,263.08,260.77,260.79,24942.05577
819,2020-02-20 05:00:00,260.8,261.6,259.01,260.57,22069.57257
820,2020-02-20 06:00:00,260.58,260.98,257.31,259.31,25001.03057
821,2020-02-20 07:00:00,259.31,262.0,258.53,261.99,22249.27658
822,2020-02-20 08:00:00,261.98,262.0,259.53,261.0,23078.12863
823,2020-02-20 09:00:00,260.99,261.09,253.94,256.87,49385.59938
824,2020-02-20 10:00:00,256.88,258.65,254.75,258.47,30224.7467
825,2020-02-20 11:00:00,258.48,259.56,256.85,257.85,20215.87402
826,2020-02-20 12:00:00,257.84,258.5,252.24,253.32,50228.37523
827,2020-02-20 13:00:00,253.34,256.0,248.1,250.5,82246.86577
828,2020-02-20 14:00:00,250.47,256.6,246.85,256.14,77711.08341
829,2020-02-20 15:00:00,256.13,259.24,253.64,257.29,66770.28315
830,2020-02-20 16:00:00,257.3,258.4,254.0,254.98,37330.99622
831,2020-02-20 17:00:00,254.98,260.0,245.34,256.61,112792.59988
832,2020-02-20 18:00:00,256.76,258.0,250.3,252.77,64259.55519
833,2020-02-20 19:00:00,252.79,255.27,251.21,253.36,23675.37777
834,2020-02-20 20:00:00,253.36,256.85,253.26,256.0,15581.87296
835,2020-02-20 21:00:00,255.94,257.09,254.03,257.0,20414.57801
836,2020-02-20 22:00:00,257.0,259.4,255.02,259.23,19846.64221
837,2020-02-20 23:00:00,259.16,262.0,257.84,258.96,25215.05231
838,2020-02-21 00:00:00,259.02,260.67,256.72,256.96,27690.35114
839,2020-02-21 01:00:00,256.97,257.51,253.61,256.13,26810.63744
840,2020-02-21 02:00:00,256.1,260.4,254.89,260.23,22117.56338
841,2020-02-21 03:00:00,260.23,261.86,259.0,259.15,26032.23666
842,2020-02-21 04:00:00,259.14,262.99,258.37,262.03,24248.72631
843,2020-02-21 05:00:00,262.0,263.83,260.41,260.77,20562.27177
844,2020-02-21 06:00:00,260.83,262.27,259.87,261.02,24404.51788
845,2020-02-21 07:00:00,260.95,261.96,260.11,260.65,11730.76772
846,2020-02-21 08:00:00,260.7,261.2,259.0,260.21,13005.99823
847,2020-02-21 09:00:00,260.22,261.22,257.57,258.76,22247.68006
848,2020-02-21 10:00:00,258.76,260.98,257.74,260.68,19854.10237
849,2020-02-21 11:00:00,260.68,261.72,259.56,260.68,14547.91479
850,2020-02-21 12:00:00,260.63,263.25,260.58,261.83,26272.55936
851,2020-02-21 13:00:00,261.81,266.53,261.71,265.78,39917.06775
852,2020-02-21 14:00:00,265.78,265.94,263.18,264.88,24208.07775
853,2020-02-21 15:00:00,264.92,265.67,262.29,262.56,21799.78677
854,2020-02-21 16:00:00,262.55,265.41,261.75,265.19,20751.24787
855,2020-02-21 17:00:00,265.15,268.24,262.86,267.0,31252.28614
856,2020-02-21 18:00:00,266.99,267.98,264.81,265.7,16952.11258
857,2020-02-21 19:00:00,265.7,266.91,265.1,265.81,8489.6416
858,2020-02-21 20:00:00,265.79,266.55,262.58,264.07,18568.35495
859,2020-02-21 21:00:00,264.12,265.4,259.72,263.77,51322.28902
860,2020-02-21 22:00:00,263.75,264.26,261.88,262.87,13237.15092
861,2020-02-21 23:00:00,262.89,264.2,261.38,263.59,9688.24921
862,2020-02-22 00:00:00,263.59,266.64,262.59,265.27,17806.63287
863,2020-02-22 01:00:00,265.32,266.81,263.97,265.41,12145.97174
864,2020-02-22 02:00:00,265.4,265.46,262.63,262.79,9799.31639
865,2020-02-22 03:00:00,262.76,263.54,261.5,262.31,15339.09445
866,2020-02-22 04:00:00,262.31,264.34,262.23,262.65,10570.43442
867,2020-02-22 05:00:00,262.64,262.69,260.49,260.79,14296.59668
868,2020-02-22 06:00:00,260.78,262.81,259.75,260.64,13211.46634
869,2020-02-22 07:00:00,260.59,260.59,256.0,257.99,25808.15998
870,2020-02-22 08:00:00,257.99,259.74,256.62,258.33,15827.87673
871,2020-02-22 09:00:00,258.31,261.06,257.87,260.42,15432.1621
872,2020-02-22 10:00:00,260.5,260.5,257.61,258.8,11846.74448
873,2020-02-22 11:00:00,258.83,260.31,258.55,259.53,10043.62385
874,2020-02-22 12:00:00,259.52,262.14,259.51,261.85,14173.92517
875,2020-02-22 13:00:00,261.86,264.5,261.44,262.51,19488.97671
876,2020-02-22 14:00:00,262.49,263.79,261.68,262.57,14393.14791
877,2020-02-22 15:00:00,262.61,263.24,261.39,261.81,10734.00662
878,2020-02-22 16:00:00,261.81,262.17,259.78,260.99,13435.34652
879,2020-02-22 17:00:00,261.05,262.44,258.54,262.15,18595.01772
880,2020-02-22 18:00:00,262.05,263.74,260.05,262.23,19740.48959
881,2020-02-22 19:00:00,262.22,262.22,259.8,261.3,8768.21933
882,2020-02-22 20:00:00,261.28,262.72,260.63,260.73,8559.39895
883,2020-02-22 21:00:00,260.73,262.9,260.63,261.51,7743.10157
884,2020-02-22 22:00:00,261.54,262.87,261.54,262.82,7447.00225
885,2020-02-22 23:00:00,262.86,262.93,261.26,261.94,6004.23865
886,2020-02-23 00:00:00,261.93,262.32,260.67,261.57,9658.20318
887,2020-02-23 01:00:00,261.55,263.5,261.53,263.47,7274.82485
888,2020-02-23 02:00:00,263.5,263.62,261.02,261.95,7871.9037
889,2020-02-23 03:00:00,261.95,263.18,261.54,263.14,6366.72274
890,2020-02-23 04:00:00,263.17,265.71,262.69,265.61,21488.55412
891,2020-02-23 05:00:00,265.62,268.41,265.57,266.1,43015.98413
892,2020-02-23 06:00:00,266.18,269.55,265.93,268.76,21329.44344
893,2020-02-23 07:00:00,268.78,271.89,268.62,271.21,30199.11156
894,2020-02-23 08:00:00,271.22,271.74,269.67,270.36,17463.14668
895,2020-02-23 09:00:00,270.36,271.0,269.41,270.87,20453.85823
896,2020-02-23 10:00:00,270.86,273.42,270.54,272.16,32093.99735
897,2020-02-23 11:00:00,272.17,275.0,270.0,270.41,38353.34234
898,2020-02-23 12:00:00,270.4,271.42,266.99,268.12,29181.96018
899,2020-02-23 13:00:00,268.12,270.37,268.01,269.92,20706.765
900,2020-02-23 14:00:00,269.92,272.0,269.42,270.94,17023.6125
901,2020-02-23 15:00:00,270.93,272.77,270.44,272.08,22016.10165
902,2020-02-23 16:00:00,272.1,272.57,269.18,270.0,20353.50916
903,2020-02-23 17:00:00,270.0,271.33,268.7,270.02,13300.34726
904,2020-02-23 18:00:00,270.0,271.82,269.51,270.62,9244.54993
905,2020-02-23 19:00:00,270.63,271.52,269.88,270.88,6631.75849
906,2020-02-23 20:00:00,270.87,271.48,270.21,270.64,7942.82829
907,2020-02-23 21:00:00,270.62,270.85,269.35,270.24,8132.4244
908,2020-02-23 22:00:00,270.24,271.39,270.08,271.13,5559.62605
909,2020-02-23 23:00:00,271.11,272.82,269.87,272.4,8067.25551
910,2020-02-24 00:00:00,272.45,275.68,272.01,274.48,30669.20127
911,2020-02-24 01:00:00,274.5,277.2,272.94,275.8,38192.41858
912,2020-02-24 02:00:00,275.79,275.95,272.3,272.31,20878.68908
913,2020-02-24 03:00:00,272.3,273.93,265.23,268.19,54746.65477
914,2020-02-24 04:00:00,268.19,269.17,266.92,268.03,31522.30544
915,2020-02-24 05:00:00,267.95,268.06,265.85,267.62,23209.06039
916,2020-02-24 06:00:00,267.61,268.74,267.07,268.62,13896.71157
917,2020-02-24 07:00:00,268.62,268.7,266.26,266.69,14326.50252
918,2020-02-24 08:00:00,266.79,267.69,263.67,267.6,32713.54759
919,2020-02-24 09:00:00,267.58,268.27,266.92,267.82,15004.90405
920,2020-02-24 10:00:00,267.82,267.87,265.45,266.3,20009.19538
921,2020-02-24 11:00:00,266.29,267.7,265.35,267.3,12829.82103
922,2020-02-24 12:00:00,267.29,272.28,266.66,271.99,29199.1353
923,2020-02-24 13:00:00,271.9,272.74,270.45,270.78,30197.56855
924,2020-02-24 14:00:00,270.73,271.53,268.82,268.91,24810.25735
925,2020-02-24 15:00:00,268.9,272.1,268.0,268.51,25698.0109
926,2020-02-24 16:00:00,268.57,269.82,266.09,267.58,30881.63355
927,2020-02-24 17:00:00,267.57,270.58,266.5,267.47,30708.51806
928,2020-02-24 18:00:00,267.52,268.0,263.01,264.4,51397.05806
929,2020-02-24 19:00:00,264.28,264.39,257.09,262.41,93773.90963
930,2020-02-24 20:00:00,262.4,265.65,261.4,263.36,30589.19354
931,2020-02-24 21:00:00,263.27,265.23,261.23,261.76,19957.1649
932,2020-02-24 22:00:00,261.73,262.75,258.78,262.13,23281.03334
933,2020-02-24 23:00:00,262.11,264.86,261.66,263.72,10114.78183
934,2020-02-25 00:00:00,263.74,266.52,262.17,265.52,18653.65442
935,2020-02-25 01:00:00,265.47,266.22,262.11,263.7,13436.7983
936,2020-02-25 02:00:00,263.69,265.3,261.6,262.02,11396.81107
937,2020-02-25 03:00:00,262.0,264.0,260.75,263.26,12348.65147
938,2020-02-25 04:00:00,263.25,264.32,261.63,261.7,10707.40136
939,2020-02-25 05:00:00,261.71,262.66,260.88,261.2,11983.77072
940,2020-02-25 06:00:00,261.26,262.04,258.29,259.7,24385.27924
941,2020-02-25 07:00:00,259.7,260.46,254.85,258.2,59646.94168
942,2020-02-25 08:00:00,258.2,258.55,255.5,257.69,28788.63562
943,2020-02-25 09:00:00,257.63,260.32,256.78,258.39,29293.75463
944,2020-02-25 10:00:00,258.44,261.09,258.13,259.11,15936.55508
945,2020-02-25 11:00:00,259.13,260.42,258.36,258.72,15604.75973
946,2020-02-25 12:00:00,258.7,263.32,255.97,262.51,41614.71402
947,2020-02-25 13:00:00,262.52,264.73,260.32,261.15,32215.95804
948,2020-02-25 14:00:00,261.13,262.0,258.68,259.1,26309.63672
949,2020-02-25 15:00:00,259.02,259.02,252.25,253.72,77401.98904
950,2020-02-25 16:00:00,253.72,254.67,250.13,252.19,69728.03528
951,2020-02-25 17:00:00,252.18,255.12,245.93,247.08,103071.16277
952,2020-02-25 18:00:00,247.09,251.51,246.15,249.13,42111.99955
953,2020-02-25 19:00:00,249.16,252.96,248.83,251.85,18305.53901
954,2020-02-25 20:00:00,251.83,252.14,249.06,250.4,21247.81046
955,2020-02-25 21:00:00,250.4,250.66,246.43,248.72,25034.92016
956,2020-02-25 22:00:00,248.73,251.95,244.44,250.59,44755.0009
957,2020-02-25 23:00:00,250.59,253.2,249.7,251.96,15947.06139
958,2020-02-26 00:00:00,251.98,251.99,246.12,246.67,23517.82403
959,2020-02-26 01:00:00,246.67,250.32,244.96,246.86,35721.55337
960,2020-02-26 02:00:00,246.84,247.79,240.0,240.0,75792.28837
961,2020-02-26 03:00:00,240.0,241.49,236.26,240.14,80746.14864
962,2020-02-26 04:00:00,240.16,240.24,237.66,239.01,29684.13357
963,2020-02-26 05:00:00,239.03,241.15,237.43,240.58,29337.99493
964,2020-02-26 06:00:00,240.58,241.0,238.76,240.9,25880.9316
965,2020-02-26 07:00:00,240.8,242.32,240.09,241.83,29130.09611
966,2020-02-26 08:00:00,241.76,242.0,237.36,237.93,33375.59684
967,2020-02-26 09:00:00,237.94,240.32,235.2,238.71,52428.37012
968,2020-02-26 10:00:00,238.72,238.84,235.21,235.53,45075.63591
969,2020-02-26 11:00:00,235.53,238.51,234.74,237.8,41421.12061
970,2020-02-26 12:00:00,237.78,237.93,235.0,235.64,21716.41018
971,2020-02-26 13:00:00,235.64,241.85,231.8,240.91,98671.88517
972,2020-02-26 14:00:00,240.92,241.1,232.14,234.49,58853.89227
973,2020-02-26 15:00:00,234.35,235.82,229.65,231.58,106890.45677
974,2020-02-26 16:00:00,231.5,232.16,225.98,226.35,88388.02757
975,2020-02-26 17:00:00,226.4,228.62,215.66,222.13,207437.04288
976,2020-02-26 18:00:00,222.13,224.16,219.62,222.52,82102.60223
977,2020-02-26 19:00:00,222.6,232.67,222.0,232.01,75198.42256
978,2020-02-26 20:00:00,232.05,232.18,226.5,229.73,49501.35296
979,2020-02-26 21:00:00,229.77,231.6,226.8,228.25,38099.69833
980,2020-02-26 22:00:00,228.25,229.86,223.72,223.76,30242.23074
981,2020-02-26 23:00:00,223.78,228.54,221.69,225.43,34542.13543
982,2020-02-27 00:00:00,225.45,228.51,223.59,223.93,25641.38791
983,2020-02-27 01:00:00,223.98,224.1,215.0,216.48,97777.02375
984,2020-02-27 02:00:00,216.45,220.21,210.0,218.31,133836.68432
985,2020-02-27 03:00:00,218.46,220.0,214.47,217.1,48307.03496
986,2020-02-27 04:00:00,217.07,219.86,214.54,218.85,42598.5371
987,2020-02-27 05:00:00,218.85,219.56,216.7,218.12,36684.49781
988,2020-02-27 06:00:00,218.12,222.21,217.95,221.33,47558.43955
989,2020-02-27 07:00:00,221.33,225.21,220.51,223.82,49687.97445
990,2020-02-27 08:00:00,223.84,226.37,222.85,225.43,38819.69257
991,2020-02-27 09:00:00,225.42,231.4,224.51,228.02,59146.75721
992,2020-02-27 10:00:00,228.02,230.74,223.5,223.81,50945.16689
993,2020-02-27 11:00:00,223.79,231.0,223.3,227.99,53249.77459
994,2020-02-27 12:00:00,228.07,229.56,224.78,226.69,32034.40435
995,2020-02-27 13:00:00,226.72,233.35,225.27,226.95,90777.72119
996,2020-02-27 14:00:00,226.95,229.9,225.88,228.92,33704.8773
997,2020-02-27 15:00:00,228.87,231.79,227.97,229.9,43571.44418
998,2020-02-27 16:00:00,229.9,232.84,229.59,231.01,39440.29145
999,2020-02-27 17:00:00,231.02,237.68,231.02,236.5,87251.70299
1000,2020-02-27 18:00:00,236.44,238.3,234.07,235.79,50212.4224
1001,2020-02-27 19:00:00,235.79,236.72,233.02,233.76,25722.20245
1002,2020-02-27 20:00:00,233.74,235.48,231.39,234.89,38101.30829
1003,2020-02-27 21:00:00,234.89,234.95,232.0,232.66,27257.51012
1004,2020-02-27 22:00:00,232.71,233.56,225.37,226.52,58593.60939
1005,2020-02-27 23:00:00,226.55,229.31,222.38,228.88,49150.46854
1006,2020-02-28 00:00:00,228.88,229.9,224.2,227.79,39363.57073
1007,2020-02-28 01:00:00,227.73,231.89,226.73,230.35,37069.80371
1008,2020-02-28 02:00:00,230.35,233.76,228.03,233.01,29353.26884
1009,2020-02-28 03:00:00,233.01,234.67,230.63,232.0,29898.33937
1010,2020-02-28 04:00:00,232.0,233.32,228.74,229.77,28019.06201
1011,2020-02-28 05:00:00,229.74,230.84,228.25,228.93,21989.65311
1012,2020-02-28 06:00:00,228.91,229.2,226.2,227.26,31065.16322
1013,2020-02-28 07:00:00,227.23,227.77,225.34,225.98,36462.90472
1014,2020-02-28 08:00:00,225.98,226.45,222.6,223.97,40359.89581
1015,2020-02-28 09:00:00,224.03,226.85,223.53,223.6,30729.89107
1016,2020-02-28 10:00:00,223.54,223.96,217.7,219.46,84068.98151
1017,2020-02-28 11:00:00,219.5,222.57,217.03,221.34,84400.04924
1018,2020-02-28 12:00:00,221.36,223.0,219.19,220.57,33231.61334
1019,2020-02-28 13:00:00,220.53,221.08,214.01,217.85,107319.27295
1020,2020-02-28 14:00:00,217.86,225.16,216.4,223.58,87425.82742
1021,2020-02-28 15:00:00,223.56,224.9,220.14,224.41,52007.08066
1022,2020-02-28 16:00:00,224.49,227.76,222.0,227.28,42404.32509
1023,2020-02-28 17:00:00,227.23,228.55,223.51,223.88,61078.78514
1024,2020-02-28 18:00:00,223.88,224.3,220.0,222.86,68400.95163
1025,2020-02-28 19:00:00,222.89,225.88,221.2,221.59,45247.24862
1026,2020-02-28 20:00:00,221.58,223.25,220.35,222.56,19514.74748
1027,2020-02-28 21:00:00,222.57,226.24,222.12,223.44,26065.05419
1028,2020-02-28 22:00:00,223.49,226.66,223.22,225.78,13830.05152
1029,2020-02-28 23:00:00,225.78,229.87,225.44,229.66,19792.22944
1030,2020-02-29 00:00:00,229.67,230.66,226.23,226.76,25260.72388
1031,2020-02-29 01:00:00,226.76,231.93,226.75,229.41,34102.75539
1032,2020-02-29 02:00:00,229.45,230.72,226.98,227.03,25379.11873
1033,2020-02-29 03:00:00,226.99,229.9,226.66,228.94,20560.77677
1034,2020-02-29 04:00:00,228.88,230.6,227.88,230.01,19459.45605
1035,2020-02-29 05:00:00,230.0,232.65,229.93,231.67,19769.53171
1036,2020-02-29 06:00:00,231.69,233.0,230.78,231.97,19249.21745
1037,2020-02-29 07:00:00,231.92,232.77,228.08,228.22,31748.43136
1038,2020-02-29 08:00:00,228.22,229.6,227.35,229.18,34076.58986
1039,2020-02-29 09:00:00,229.2,230.0,227.85,228.57,15569.30425
1040,2020-02-29 10:00:00,228.57,228.57,225.0,225.49,27434.56995
1041,2020-02-29 11:00:00,225.51,228.0,222.27,222.71,33087.92258
1042,2020-02-29 12:00:00,222.7,226.53,222.0,226.14,40165.35235
1043,2020-02-29 13:00:00,226.16,226.34,223.94,225.14,17331.22542
1044,2020-02-29 14:00:00,225.05,225.05,222.64,224.23,19587.51646
1045,2020-02-29 15:00:00,224.25,224.25,221.0,223.06,35673.70022
1046,2020-02-29 16:00:00,223.05,225.55,221.4,223.93,28517.05907
1047,2020-02-29 17:00:00,223.87,225.55,222.14,222.43,22766.63235
1048,2020-02-29 18:00:00,222.44,225.3,222.07,225.29,13781.85367
1049,2020-02-29 19:00:00,225.29,225.94,224.21,224.83,12017.12212
1050,2020-02-29 20:00:00,224.83,225.86,223.67,225.17,9205.71114
1051,2020-02-29 21:00:00,225.14,225.18,223.18,224.59,12714.59622
1052,2020-02-29 22:00:00,224.58,225.1,222.72,223.55,11032.30119
1053,2020-02-29 23:00:00,223.55,223.61,222.16,223.36,8379.44309
1054,2020-03-01 00:00:00,223.35,223.75,217.0,217.21,35256.4977
1055,2020-03-01 01:00:00,217.29,221.27,216.94,218.36,35143.18824
1056,2020-03-01 02:00:00,218.39,223.86,216.1,223.6,49988.08953
1057,2020-03-01 03:00:00,223.56,225.69,222.76,223.37,33866.73533
1058,2020-03-01 04:00:00,223.38,225.5,223.01,223.6,18297.31832
1059,2020-03-01 05:00:00,223.6,224.87,221.69,222.45,19805.25822
1060,2020-03-01 06:00:00,222.45,222.78,220.0,222.5,24981.41157
1061,2020-03-01 07:00:00,222.5,222.7,219.84,220.34,19940.97944
1062,2020-03-01 08:00:00,220.38,221.09,218.7,220.01,17808.78845
1063,2020-03-01 09:00:00,220.02,222.9,219.24,219.71,33259.41092
1064,2020-03-01 10:00:00,219.74,221.49,218.9,219.18,13725.19324
1065,2020-03-01 11:00:00,219.18,221.78,219.18,221.18,13026.95317
1066,2020-03-01 12:00:00,221.18,224.7,220.46,224.3,23930.23021
1067,2020-03-01 13:00:00,224.32,227.89,221.23,221.64,58843.68013
1068,2020-03-01 14:00:00,221.64,223.4,219.61,222.3,38460.01027
1069,2020-03-01 15:00:00,222.28,223.21,220.06,220.42,17291.96649
1070,2020-03-01 16:00:00,220.44,221.9,219.65,220.38,19117.45419
1071,2020-03-01 17:00:00,220.41,221.45,214.66,217.56,76229.85681
1072,2020-03-01 18:00:00,217.49,217.58,214.5,215.99,36654.90014
1073,2020-03-01 19:00:00,215.97,216.02,212.88,212.95,26961.11381
1074,2020-03-01 20:00:00,212.92,217.62,212.36,216.34,35994.72058
1075,2020-03-01 21:00:00,216.34,217.04,214.5,214.52,16189.56486
1076,2020-03-01 22:00:00,214.55,215.26,213.58,215.22,17448.18685
1077,2020-03-01 23:00:00,215.27,219.59,215.04,218.97,23701.36073
1078,2020-03-02 00:00:00,219.0,221.32,217.61,217.81,44349.64791
1079,2020-03-02 01:00:00,217.81,219.95,216.07,218.92,36373.20449
1080,2020-03-02 02:00:00,218.92,219.37,216.48,219.12,23510.9745
1081,2020-03-02 03:00:00,219.12,222.23,218.41,221.19,34106.3426
1082,2020-03-02 04:00:00,221.23,221.97,218.68,218.8,28571.28339
1083,2020-03-02 05:00:00,218.78,221.38,218.67,221.1,23921.60728
1084,2020-03-02 06:00:00,221.08,221.75,220.14,221.42,37335.39753
1085,2020-03-02 07:00:00,221.4,222.9,220.28,220.77,37448.26403
1086,2020-03-02 08:00:00,220.74,221.7,219.71,220.01,18919.27113
1087,2020-03-02 09:00:00,220.0,222.0,219.62,221.81,21404.47675
1088,2020-03-02 10:00:00,221.84,223.07,220.9,222.65,27565.43101
1089,2020-03-02 11:00:00,222.64,225.76,222.64,223.79,47030.86683
1090,2020-03-02 12:00:00,223.89,225.41,223.53,224.7,24991.90804
1091,2020-03-02 13:00:00,224.7,225.37,222.5,224.06,30280.75246
1092,2020-03-02 14:00:00,224.06,228.34,223.99,227.26,70439.03973
1093,2020-03-02 15:00:00,227.27,229.8,226.18,227.73,51162.50196
1094,2020-03-02 16:00:00,227.76,229.65,226.41,228.36,38805.16652
1095,2020-03-02 17:00:00,228.34,232.62,227.64,231.79,53186.0916
1096,2020-03-02 18:00:00,231.79,234.4,231.11,231.5,68671.44421
1097,2020-03-02 19:00:00,231.5,233.3,230.69,231.48,33123.87017
1098,2020-03-02 20:00:00,231.48,232.2,229.96,232.08,24424.75129
1099,2020-03-02 21:00:00,232.08,232.21,230.31,231.91,17915.22774
1100,2020-03-02 22:00:00,231.86,233.69,231.66,232.78,22172.17557
1101,2020-03-02 23:00:00,232.78,233.0,230.52,230.55,14991.84315
1102,2020-03-03 00:00:00,230.57,232.1,229.31,231.97,23699.59132
1103,2020-03-03 01:00:00,232.1,232.16,227.61,228.05,44349.25448
1104,2020-03-03 02:00:00,228.05,230.15,227.58,228.15,25361.63263
1105,2020-03-03 03:00:00,228.14,230.28,227.78,230.01,19848.68635
1106,2020-03-03 04:00:00,230.01,232.2,229.01,231.55,19573.73046
1107,2020-03-03 05:00:00,231.54,231.54,229.28,229.6,23492.51778
1108,2020-03-03 06:00:00,229.64,230.27,228.29,229.95,20916.91825
1109,2020-03-03 07:00:00,229.95,230.02,226.5,226.99,27398.78872
1110,2020-03-03 08:00:00,226.91,228.13,226.26,226.77,35703.7726
1111,2020-03-03 09:00:00,226.71,228.33,226.0,226.84,25433.62255
1112,2020-03-03 10:00:00,226.86,229.15,226.35,228.92,27341.66943
1113,2020-03-03 11:00:00,228.95,230.71,228.13,229.36,29610.67034
1114,2020-03-03 12:00:00,229.42,231.68,229.27,231.12,31154.9498
1115,2020-03-03 13:00:00,231.13,232.46,227.63,228.43,42596.44238
1116,2020-03-03 14:00:00,228.47,229.19,227.13,228.58,34790.93248
1117,2020-03-03 15:00:00,228.56,228.59,223.71,224.9,50578.73857
1118,2020-03-03 16:00:00,224.9,229.46,222.32,224.55,102743.83153
1119,2020-03-03 17:00:00,224.58,225.45,219.57,221.92,65063.18927
1120,2020-03-03 18:00:00,221.86,223.24,221.36,222.78,21224.96923
1121,2020-03-03 19:00:00,222.78,223.6,221.76,223.17,24642.66862
1122,2020-03-03 20:00:00,223.15,223.95,221.78,223.66,15062.30586
1123,2020-03-03 21:00:00,223.6,223.8,221.56,222.38,14313.97508
1124,2020-03-03 22:00:00,222.38,224.2,222.1,223.82,15162.10037
1125,2020-03-03 23:00:00,223.84,224.88,223.31,224.4,9674.20716
1126,2020-03-04 00:00:00,224.4,225.37,223.46,223.91,15458.97431
1127,2020-03-04 01:00:00,223.84,225.27,222.51,225.11,32997.85522
1128,2020-03-04 02:00:00,225.12,228.23,224.98,227.45,40515.61282
1129,2020-03-04 03:00:00,227.47,228.85,227.02,227.17,33974.22034
1130,2020-03-04 04:00:00,227.18,227.94,225.79,226.03,20496.55745
1131,2020-03-04 05:00:00,226.03,228.08,225.92,227.52,19203.60728
1132,2020-03-04 06:00:00,227.48,227.62,225.5,226.39,17718.32248
1133,2020-03-04 07:00:00,226.39,226.73,224.13,224.94,23805.95108
1134,2020-03-04 08:00:00,224.94,227.0,224.73,226.64,15851.90738
1135,2020-03-04 09:00:00,226.64,227.22,225.22,226.55,17076.62047
1136,2020-03-04 10:00:00,226.54,226.58,225.46,225.46,1972.59713
1137,2020-03-04 12:00:00,225.46,225.46,221.51,223.25,22861.55812
1138,2020-03-04 13:00:00,223.26,224.15,222.4,222.78,17733.15494
1139,2020-03-04 14:00:00,222.78,224.59,222.75,224.46,16556.8815
1140,2020-03-04 15:00:00,224.42,225.38,222.3,222.92,24373.84913
1141,2020-03-04 16:00:00,222.92,224.17,220.86,221.71,41031.66002
1142,2020-03-04 17:00:00,221.71,223.25,220.23,222.84,28169.64232
1143,2020-03-04 18:00:00,222.83,223.65,222.01,222.97,11741.60072
1144,2020-03-04 19:00:00,223.0,223.13,221.28,222.25,13626.1913
1145,2020-03-04 20:00:00,222.27,222.95,221.72,222.41,9857.09366
1146,2020-03-04 21:00:00,222.44,222.47,220.81,221.54,9719.30862
1147,2020-03-04 22:00:00,221.52,222.98,221.0,222.64,7533.48131
1148,2020-03-04 23:00:00,222.62,223.71,222.52,223.23,5791.40728
1149,2020-03-05 00:00:00,223.23,224.49,223.2,224.26,11171.25715
1150,2020-03-05 01:00:00,224.26,227.43,224.23,226.49,37846.33997
1151,2020-03-05 02:00:00,226.49,227.12,225.34,226.88,19184.84713
1152,2020-03-05 03:00:00,226.85,227.87,225.83,227.43,22932.41955
1153,2020-03-05 04:00:00,227.44,228.08,226.24,226.38,29117.48116
1154,2020-03-05 05:00:00,226.38,227.29,226.21,226.68,18160.98137
1155,2020-03-05 06:00:00,226.63,229.09,226.31,228.85,25409.80876
1156,2020-03-05 07:00:00,228.89,229.58,227.89,228.42,29803.61064
1157,2020-03-05 08:00:00,228.44,228.74,227.0,227.83,14160.92286
1158,2020-03-05 09:00:00,227.82,228.71,227.45,228.64,15007.07973
1159,2020-03-05 10:00:00,228.62,231.58,228.2,231.41,48341.91642
1160,2020-03-05 11:00:00,231.41,232.25,230.01,232.03,28479.16327
1161,2020-03-05 12:00:00,231.99,233.08,231.5,232.25,33428.37769
1162,2020-03-05 13:00:00,232.25,234.09,231.59,231.61,34763.37192
1163,2020-03-05 14:00:00,231.6,231.93,230.4,231.87,26446.04538
1164,2020-03-05 15:00:00,231.92,232.44,229.07,229.07,31647.6813
1165,2020-03-05 16:00:00,229.08,231.44,229.08,231.38,33276.1172
1166,2020-03-05 17:00:00,231.38,233.38,230.66,232.28,31564.54811
1167,2020-03-05 18:00:00,232.27,232.96,231.41,232.17,14638.76017
1168,2020-03-05 19:00:00,232.15,232.75,231.26,231.87,10563.24081
1169,2020-03-05 20:00:00,231.89,232.74,230.49,232.71,14888.20186
1170,2020-03-05 21:00:00,232.73,232.85,230.07,231.15,15066.9534
1171,2020-03-05 22:00:00,231.15,231.53,230.4,230.82,8066.23926
1172,2020-03-05 23:00:00,230.82,230.83,228.8,228.84,13378.02281
1173,2020-03-06 00:00:00,228.8,229.03,226.43,228.38,45307.7451
1174,2020-03-06 01:00:00,228.38,229.6,227.73,227.83,19988.28008
1175,2020-03-06 02:00:00,227.83,229.76,227.33,228.74,12114.83867
1176,2020-03-06 03:00:00,228.68,230.81,228.43,229.5,14498.78885
1177,2020-03-06 04:00:00,229.5,230.34,229.06,229.16,8779.42996
1178,2020-03-06 05:00:00,229.12,229.54,228.69,229.09,12617.68276
1179,2020-03-06 06:00:00,229.09,234.1,228.98,233.18,40136.81817
1180,2020-03-06 07:00:00,233.2,236.02,233.2,234.96,51443.29215
1181,2020-03-06 08:00:00,234.95,237.43,234.88,235.52,35328.18853
1182,2020-03-06 09:00:00,235.54,236.4,234.0,236.38,26332.36289
1183,2020-03-06 10:00:00,236.38,236.98,235.53,236.2,23806.22504
1184,2020-03-06 11:00:00,236.18,238.3,235.5,237.96,33879.55896
1185,2020-03-06 12:00:00,237.91,241.4,237.9,240.05,65035.18646
1186,2020-03-06 13:00:00,240.04,240.04,237.39,238.86,40855.62422
1187,2020-03-06 14:00:00,238.87,239.06,236.04,236.44,26953.36526
1188,2020-03-06 15:00:00,236.44,238.5,236.01,237.14,25369.92563
1189,2020-03-06 16:00:00,237.14,237.82,234.34,234.66,31635.31422
1190,2020-03-06 17:00:00,234.65,237.26,234.65,236.64,22249.53364
1191,2020-03-06 18:00:00,236.64,238.6,236.64,238.44,16864.33852
1192,2020-03-06 19:00:00,238.4,238.62,236.99,237.81,15215.90184
1193,2020-03-06 20:00:00,237.8,238.87,237.07,237.74,10714.11583
1194,2020-03-06 21:00:00,237.74,239.2,237.5,238.89,12370.21712
1195,2020-03-06 22:00:00,238.88,241.02,238.88,240.46,18515.45677
1196,2020-03-06 23:00:00,240.47,241.02,238.9,240.0,17763.92322
1197,2020-03-07 00:00:00,239.99,245.16,239.75,244.88,45678.95691
1198,2020-03-07 01:00:00,244.93,246.11,242.85,244.2,33620.64702
1199,2020-03-07 02:00:00,244.26,244.7,242.15,242.9,16038.38076
1200,2020-03-07 03:00:00,242.87,244.61,242.76,244.49,13126.48713
1201,2020-03-07 04:00:00,244.52,245.59,243.85,243.85,15121.26728
1202,2020-03-07 05:00:00,243.84,244.37,242.38,243.02,14889.04919
1203,2020-03-07 06:00:00,243.04,243.39,242.0,242.93,13463.33542
1204,2020-03-07 07:00:00,242.93,244.71,242.05,242.12,20230.37728
1205,2020-03-07 08:00:00,242.1,243.33,241.1,243.06,22252.84439
1206,2020-03-07 09:00:00,243.05,244.39,242.82,244.18,17430.04706
1207,2020-03-07 10:00:00,244.19,245.1,243.65,245.1,17888.78409
1208,2020-03-07 11:00:00,245.11,245.35,243.51,243.69,16053.96108
1209,2020-03-07 12:00:00,243.75,244.55,243.19,243.66,12702.42337
1210,2020-03-07 13:00:00,243.69,246.58,242.79,243.3,29965.45759
1211,2020-03-07 14:00:00,243.3,244.6,242.46,243.22,15743.82167
1212,2020-03-07 15:00:00,243.22,244.89,243.11,244.86,12375.11989
1213,2020-03-07 16:00:00,244.83,247.26,244.41,246.83,23333.42972
1214,2020-03-07 17:00:00,246.83,251.93,241.68,245.11,111885.407
1215,2020-03-07 18:00:00,245.19,245.19,237.0,238.99,95960.90089
1216,2020-03-07 19:00:00,238.99,239.81,236.0,238.75,54410.15536
1217,2020-03-07 20:00:00,238.76,239.65,237.54,238.59,24871.56675
1218,2020-03-07 21:00:00,238.65,239.09,237.41,237.76,11188.87437
1219,2020-03-07 22:00:00,237.76,239.34,237.16,238.17,11485.57277
1220,2020-03-07 23:00:00,238.16,240.64,237.95,240.17,13232.67914
1221,2020-03-08 00:00:00,240.18,240.23,236.6,237.23,16478.3074
1222,2020-03-08 01:00:00,237.23,237.23,231.8,234.09,63071.11139
1223,2020-03-08 02:00:00,234.06,234.19,231.86,232.69,20351.64296
1224,2020-03-08 03:00:00,232.7,233.51,229.27,229.98,29757.88744
1225,2020-03-08 04:00:00,230.08,232.19,229.32,231.62,19654.16457
1226,2020-03-08 05:00:00,231.6,232.0,230.3,230.95,15270.1993
1227,2020-03-08 06:00:00,230.96,231.3,229.14,229.6,20931.56048
1228,2020-03-08 07:00:00,229.59,229.6,227.1,229.08,36274.59363
1229,2020-03-08 08:00:00,229.08,230.37,229.01,229.87,19743.51384
1230,2020-03-08 09:00:00,229.85,229.93,228.4,229.17,16900.33052
1231,2020-03-08 10:00:00,229.15,230.82,228.99,229.62,18173.18337
1232,2020-03-08 11:00:00,229.72,232.06,228.92,231.65,30242.61915
1233,2020-03-08 12:00:00,231.65,232.71,230.5,231.54,20948.49281
1234,2020-03-08 13:00:00,231.54,231.83,224.0,225.86,47020.15598
1235,2020-03-08 14:00:00,225.86,226.32,223.0,224.8,58919.75415
1236,2020-03-08 15:00:00,224.83,225.29,218.54,220.32,58844.3653
1237,2020-03-08 16:00:00,220.32,221.14,212.0,216.73,139719.62376
1238,2020-03-08 17:00:00,216.75,217.41,203.11,212.69,210933.56299
1239,2020-03-08 18:00:00,212.68,218.0,209.68,215.42,114814.78347
1240,2020-03-08 19:00:00,215.39,216.14,213.02,214.34,49178.59858
1241,2020-03-08 20:00:00,214.23,214.53,210.61,212.94,40818.22591
1242,2020-03-08 21:00:00,213.05,213.89,209.39,209.6,20809.06798
1243,2020-03-08 22:00:00,209.56,211.99,207.85,209.81,27109.35334
1244,2020-03-08 23:00:00,209.81,211.32,203.7,203.78,56372.48702
1245,2020-03-09 00:00:00,203.78,209.61,195.5,199.43,143114.25947
1246,2020-03-09 01:00:00,199.43,207.47,197.71,203.14,124419.74054
1247,2020-03-09 02:00:00,203.15,206.54,200.51,204.49,45279.21172
1248,2020-03-09 03:00:00,204.5,205.61,200.0,200.38,60622.11047
1249,2020-03-09 04:00:00,200.38,204.34,197.88,201.42,78196.08726
1250,2020-03-09 05:00:00,201.47,201.69,196.12,200.51,108443.35859
1251,2020-03-09 06:00:00,200.44,206.19,196.61,205.12,123476.35307
1252,2020-03-09 07:00:00,205.15,208.62,203.48,204.9,81148.88937
1253,2020-03-09 08:00:00,204.92,206.74,204.6,205.76,37555.97887
1254,2020-03-09 09:00:00,205.76,208.6,205.65,207.58,49989.08038
1255,2020-03-09 10:00:00,207.51,207.65,203.05,203.43,44065.03078
1256,2020-03-09 11:00:00,203.39,205.28,203.1,203.49,29254.62729
1257,2020-03-09 12:00:00,203.43,203.5,199.11,201.04,66288.29654
1258,2020-03-09 13:00:00,201.04,204.98,200.62,204.63,79345.7164
1259,2020-03-09 14:00:00,204.63,205.05,198.0,202.65,89598.14797
1260,2020-03-09 15:00:00,202.64,203.76,197.0,197.87,72887.2357
1261,2020-03-09 16:00:00,197.87,199.0,190.0,194.5,175819.62432
1262,2020-03-09 17:00:00,194.63,201.0,191.3,195.95,115884.64506
1263,2020-03-09 18:00:00,195.95,196.94,192.5,193.63,61890.97281
1264,2020-03-09 19:00:00,193.63,195.98,192.71,194.3,46121.04244
1265,2020-03-09 20:00:00,194.24,198.26,193.96,197.63,39428.26503
1266,2020-03-09 21:00:00,197.65,199.9,196.41,198.35,39490.92206
1267,2020-03-09 22:00:00,198.42,198.93,195.75,196.14,13308.11754
1268,2020-03-09 23:00:00,196.22,199.9,194.33,198.99,37659.31915
1269,2020-03-10 00:00:00,199.0,203.33,197.58,202.81,41159.06217
1270,2020-03-10 01:00:00,202.79,204.1,200.7,203.38,57317.10547
1271,2020-03-10 02:00:00,203.36,204.9,200.78,201.38,40655.79623
1272,2020-03-10 03:00:00,201.38,202.64,200.29,200.62,24586.77681
1273,2020-03-10 04:00:00,200.63,202.93,199.84,202.46,28767.02337
1274,2020-03-10 05:00:00,202.44,203.88,201.77,203.2,32358.99045
1275,2020-03-10 06:00:00,203.2,203.6,201.94,202.78,24656.00105
1276,2020-03-10 07:00:00,202.78,203.27,199.95,200.37,31714.07062
1277,2020-03-10 08:00:00,200.35,200.38,197.18,198.99,51932.72319
1278,2020-03-10 09:00:00,199.01,200.72,198.28,199.0,28218.91906
1279,2020-03-10 10:00:00,199.0,199.37,197.65,198.32,20890.06152
1280,2020-03-10 11:00:00,198.32,204.48,198.04,203.52,71185.87138
1281,2020-03-10 12:00:00,203.57,205.14,202.12,203.09,54530.84498
1282,2020-03-10 13:00:00,203.1,206.2,202.86,205.44,52862.09153
1283,2020-03-10 14:00:00,205.44,206.08,201.53,202.63,58129.48077
1284,2020-03-10 15:00:00,202.69,205.1,202.52,203.26,37143.46289
1285,2020-03-10 16:00:00,203.29,203.29,195.97,196.64,108466.29597
1286,2020-03-10 17:00:00,196.72,199.98,195.54,199.26,58186.68432
1287,2020-03-10 18:00:00,199.23,201.6,198.3,201.23,40488.41571
1288,2020-03-10 19:00:00,201.26,201.3,198.44,199.26,43622.37344
1289,2020-03-10 20:00:00,199.27,202.39,198.9,202.1,29026.67525
1290,2020-03-10 21:00:00,202.13,204.01,200.83,203.0,34364.49825
1291,2020-03-10 22:00:00,202.97,203.58,201.75,202.57,16887.42
1292,2020-03-10 23:00:00,202.6,203.74,202.09,203.22,29259.28488
1293,2020-03-11 00:00:00,203.23,203.25,199.92,200.7,45009.23986
1294,2020-03-11 01:00:00,200.74,202.56,199.92,202.2,19630.35852
1295,2020-03-11 02:00:00,202.18,203.18,201.28,202.25,20234.31346
1296,2020-03-11 03:00:00,202.24,202.6,200.39,200.71,15145.28753
1297,2020-03-11 04:00:00,200.71,202.16,200.13,201.79,19732.71625
1298,2020-03-11 05:00:00,201.79,202.1,200.5,200.68,14174.27132
1299,2020-03-11 06:00:00,200.67,200.69,198.0,199.32,38986.26605
1300,2020-03-11 07:00:00,199.32,200.4,198.07,198.28,26789.42721
1301,2020-03-11 08:00:00,198.26,199.63,197.16,199.03,28469.60162
1302,2020-03-11 09:00:00,199.03,200.83,197.86,198.2,40975.77603
1303,2020-03-11 10:00:00,198.21,198.71,196.56,197.22,23495.26845
1304,2020-03-11 11:00:00,197.26,197.32,194.59,196.97,49122.00937
1305,2020-03-11 12:00:00,196.95,198.23,195.55,196.46,24759.5313
1306,2020-03-11 13:00:00,196.46,197.19,195.55,196.48,25403.9053
1307,2020-03-11 14:00:00,196.43,198.5,196.36,196.69,29276.43874
1308,2020-03-11 15:00:00,196.7,197.23,192.5,193.86,44345.28787
1309,2020-03-11 16:00:00,193.88,194.8,190.3,191.86,71155.79095
1310,2020-03-11 17:00:00,191.87,193.96,190.93,192.05,61452.47843
1311,2020-03-11 18:00:00,192.06,192.15,183.0,184.27,159679.81907
1312,2020-03-11 19:00:00,184.31,190.45,181.73,189.79,118065.13475
1313,2020-03-11 20:00:00,189.79,191.38,187.1,189.94,72838.74566
1314,2020-03-11 21:00:00,189.91,192.88,189.8,192.8,40673.57295
1315,2020-03-11 22:00:00,192.79,193.79,188.96,189.42,29085.65806
1316,2020-03-11 23:00:00,189.39,194.95,188.24,194.24,54735.95062
1317,2020-03-12 00:00:00,194.23,195.6,192.7,194.61,51597.29216
1318,2020-03-12 01:00:00,194.61,195.55,192.22,193.31,43682.10572
1319,2020-03-12 02:00:00,193.3,193.73,184.23,185.03,69195.21669
1320,2020-03-12 03:00:00,185.01,187.62,182.66,184.1,69162.77213
1321,2020-03-12 04:00:00,184.13,185.52,181.9,183.08,58135.34197
1322,2020-03-12 05:00:00,183.02,183.06,180.0,181.71,97046.26811
1323,2020-03-12 06:00:00,181.71,182.23,180.16,181.75,30302.37053
1324,2020-03-12 07:00:00,181.79,181.82,172.0,173.8,143297.40277
1325,2020-03-12 08:00:00,173.78,174.22,167.61,171.61,120685.04798
1326,2020-03-12 09:00:00,171.65,172.36,166.61,169.54,103038.31582
1327,2020-03-12 10:00:00,169.53,170.23,167.44,167.97,56314.37029
1328,2020-03-12 11:00:00,167.97,168.89,125.0,132.91,378094.83619
1329,2020-03-12 12:00:00,132.91,150.0,123.0,136.59,383437.39444
1330,2020-03-12 13:00:00,136.45,142.52,134.01,136.99,245904.49554
1331,2020-03-12 14:00:00,136.88,139.47,126.75,135.03,259160.91106
1332,2020-03-12 15:00:00,134.92,142.97,134.0,139.66,244650.40111
1333,2020-03-12 16:00:00,139.66,141.53,136.35,141.1,139335.96642
1334,2020-03-12 17:00:00,141.11,142.65,134.41,139.35,173969.59069
1335,2020-03-12 18:00:00,139.3,145.22,138.5,141.96,184222.80841
1336,2020-03-12 19:00:00,142.0,142.95,136.85,137.23,96909.88837
1337,2020-03-12 20:00:00,137.23,139.75,136.87,138.37,68231.94164
1338,2020-03-12 21:00:00,138.4,139.09,125.0,128.84,181648.26882
1339,2020-03-12 22:00:00,129.06,132.8,125.05,130.99,112750.4628
1340,2020-03-12 23:00:00,130.99,134.95,126.2,127.26,124931.84256
1341,2020-03-13 00:00:00,127.32,127.32,101.2,107.82,430425.1204
1342,2020-03-13 01:00:00,107.67,116.36,104.2,106.89,352204.29996
1343,2020-03-13 02:00:00,106.97,112.0,96.0,96.62,247820.17713
1344,2020-03-13 03:00:00,96.51,120.2,86.0,111.12,463034.3297
1345,2020-03-13 04:00:00,111.25,138.0,110.0,124.24,346543.43005
1346,2020-03-13 05:00:00,124.17,124.24,106.0,109.7,263329.40007
1347,2020-03-13 06:00:00,109.7,123.32,109.15,116.63,223527.03888
1348,2020-03-13 07:00:00,116.63,127.0,114.22,126.13,181792.55757
1349,2020-03-13 08:00:00,126.14,128.47,120.0,127.28,139316.20518
1350,2020-03-13 09:00:00,127.18,132.85,119.99,125.33,179935.32107
1351,2020-03-13 10:00:00,125.32,133.5,125.0,129.46,162696.56721
1352,2020-03-13 11:00:00,129.46,133.0,126.78,131.13,140308.90459
1353,2020-03-13 12:00:00,131.13,131.21,124.48,127.6,168082.58894
1354,2020-03-13 13:00:00,127.6,132.36,125.26,129.26,118461.44102
1355,2020-03-13 14:00:00,129.34,139.68,128.0,131.93,208950.08234
1356,2020-03-13 15:00:00,131.95,136.71,125.0,126.89,169752.97823
1357,2020-03-13 16:00:00,126.87,128.0,114.87,123.7,321987.78699
1358,2020-03-13 17:00:00,123.72,128.55,119.27,123.46,189281.48894
1359,2020-03-13 18:00:00,123.44,126.93,120.87,123.56,131480.67933
1360,2020-03-13 19:00:00,123.62,123.87,114.84,118.88,142198.97441
1361,2020-03-13 20:00:00,118.86,130.62,116.4,128.32,161299.7834
1362,2020-03-13 21:00:00,128.26,130.3,125.0,126.88,115033.80403
1363,2020-03-13 22:00:00,126.77,131.81,126.67,128.83,57358.08151
1364,2020-03-13 23:00:00,128.85,133.1,128.62,133.04,62971.04049
1365,2020-03-14 00:00:00,132.98,136.99,130.23,134.06,115872.96757
1366,2020-03-14 01:00:00,134.06,134.18,130.66,133.05,61949.24368
1367,2020-03-14 02:00:00,133.01,133.97,129.42,133.03,61461.34197
1368,2020-03-14 03:00:00,133.03,133.16,129.8,132.33,56183.22487
1369,2020-03-14 04:00:00,132.36,134.68,131.65,133.32,67740.2915
1370,2020-03-14 05:00:00,133.34,133.56,130.7,131.89,50821.20725
1371,2020-03-14 06:00:00,131.87,132.49,130.07,130.55,40374.27297
1372,2020-03-14 07:00:00,130.51,131.59,129.8,130.64,46718.02945
1373,2020-03-14 08:00:00,130.64,132.21,129.97,132.18,39144.12757
1374,2020-03-14 09:00:00,132.19,132.3,125.7,128.28,101045.23682
1375,2020-03-14 10:00:00,128.28,128.47,125.2,125.94,51595.18552
1376,2020-03-14 11:00:00,125.93,129.46,125.18,128.7,69865.08947
1377,2020-03-14 12:00:00,128.7,130.14,127.92,128.7,46658.82311
1378,2020-03-14 13:00:00,128.7,128.85,126.1,128.44,45628.29962
1379,2020-03-14 14:00:00,128.46,128.8,125.29,126.0,43692.33576
1380,2020-03-14 15:00:00,125.98,128.07,125.68,127.2,42803.63051
1381,2020-03-14 16:00:00,127.25,128.12,125.79,126.67,41396.9186
1382,2020-03-14 17:00:00,126.68,130.46,125.66,128.04,67015.67086
1383,2020-03-14 18:00:00,128.04,128.51,126.82,128.07,31293.64204
1384,2020-03-14 19:00:00,128.06,129.86,127.77,128.6,41211.32913
1385,2020-03-14 20:00:00,128.59,129.36,127.02,127.18,26932.16919
1386,2020-03-14 21:00:00,127.19,128.06,126.24,127.29,34876.49949
1387,2020-03-14 22:00:00,127.29,127.74,126.2,126.59,16438.61367
1388,2020-03-14 23:00:00,126.59,127.25,123.16,124.7,62226.55094
1389,2020-03-15 00:00:00,124.7,124.85,120.0,122.54,90603.15243
1390,2020-03-15 01:00:00,122.54,123.7,121.18,123.05,52881.4356
1391,2020-03-15 02:00:00,123.0,123.3,120.96,121.12,43115.46761
1392,2020-03-15 03:00:00,121.12,122.65,120.84,121.32,41730.24756
1393,2020-03-15 04:00:00,121.33,122.06,120.8,121.16,30220.46085
1394,2020-03-15 05:00:00,121.13,122.88,121.13,122.51,46453.54673
1395,2020-03-15 06:00:00,122.52,122.95,121.87,122.64,29716.57581
1396,2020-03-15 07:00:00,122.67,124.37,122.47,123.55,41603.70242
1397,2020-03-15 08:00:00,123.5,124.2,122.5,123.22,28120.6463
1398,2020-03-15 09:00:00,123.23,123.3,121.95,122.29,28317.92139
1399,2020-03-15 10:00:00,122.29,122.73,121.67,122.2,30166.41342
1400,2020-03-15 11:00:00,122.2,127.51,121.94,126.39,92741.09782
1401,2020-03-15 12:00:00,126.37,126.95,125.61,126.1,42834.88685
1402,2020-03-15 13:00:00,126.1,129.53,123.93,124.76,94866.01973
1403,2020-03-15 14:00:00,124.68,126.0,124.36,125.06,22876.93194
1404,2020-03-15 15:00:00,125.08,125.71,122.8,124.0,46395.58074
1405,2020-03-15 16:00:00,123.96,125.34,123.25,124.0,32878.10533
1406,2020-03-15 17:00:00,124.02,124.83,122.56,123.85,35124.78351
1407,2020-03-15 18:00:00,123.83,125.05,122.76,122.96,30464.39246
1408,2020-03-15 19:00:00,123.01,124.24,122.79,123.2,22456.76155
1409,2020-03-15 20:00:00,123.2,124.67,123.0,123.21,28996.64103
1410,2020-03-15 21:00:00,123.22,123.47,120.16,120.48,51285.23614
1411,2020-03-15 22:00:00,120.5,133.5,120.39,132.92,160998.18475
1412,2020-03-15 23:00:00,132.91,133.44,121.79,123.85,197213.90857
1413,2020-03-16 00:00:00,123.89,125.68,123.06,123.78,81491.95326
1414,2020-03-16 01:00:00,123.82,123.82,120.31,121.6,89633.83486
1415,2020-03-16 02:00:00,121.6,123.35,120.92,123.0,45246.55404
1416,2020-03-16 03:00:00,122.98,124.33,122.74,123.84,37097.16937
1417,2020-03-16 04:00:00,123.84,123.88,121.85,122.46,32409.31623
1418,2020-03-16 05:00:00,122.49,122.54,121.1,121.14,38314.29968
1419,2020-03-16 06:00:00,121.12,121.87,115.72,116.62,89001.38382
1420,2020-03-16 07:00:00,116.66,116.67,110.0,112.72,230753.80819
1421,2020-03-16 08:00:00,112.73,112.84,105.69,107.01,171122.21193
1422,2020-03-16 09:00:00,107.02,112.08,106.9,111.22,119213.02469
1423,2020-03-16 10:00:00,111.23,111.53,106.97,108.15,84264.78082
1424,2020-03-16 11:00:00,108.14,108.58,101.1,101.47,225325.38485
1425,2020-03-16 12:00:00,101.42,105.69,101.3,104.04,111006.27461
1426,2020-03-16 13:00:00,104.04,112.0,103.4,107.69,193481.77114
1427,2020-03-16 14:00:00,107.65,110.39,102.33,108.68,200500.35529
1428,2020-03-16 15:00:00,108.75,116.0,106.63,111.46,193193.31656
1429,2020-03-16 16:00:00,111.41,115.56,111.03,114.66,85314.15005
1430,2020-03-16 17:00:00,114.67,115.78,110.53,111.91,71082.91713
1431,2020-03-16 18:00:00,111.92,114.07,111.12,112.95,43100.63849
1432,2020-03-16 19:00:00,112.9,114.68,111.85,114.48,21437.1461
