,maxx,i,j,q,orders_long,orders_short,alpha
584,49.975828699989336,5,32,16,9,2,274.8670578499414
614,39.60792114152311,5,36,12,9,3,237.64752684913864
567,46.431424312209764,5,30,18,7,3,232.15712156104883
602,34.78264992839429,5,34,15,9,4,226.0872245345629
601,34.39147307423775,5,34,14,9,4,223.54457498254538
734,31.18273749616974,6,32,15,9,3,187.09642497701844
735,31.01732388440366,6,32,16,9,3,186.10394330642197
717,32.68997441935646,6,30,17,6,4,163.44987209678231
718,32.44185401545744,6,30,18,6,4,162.2092700772872
582,27.115946868166084,5,32,14,9,2,149.13770777491345
421,20.82539933418825,4,30,19,10,4,145.77779533931775
626,22.12388661845904,5,38,10,9,4,143.80526301998376
1383,28.855573207500584,10,38,9,6,3,129.85007943375263
612,21.547325433173143,5,36,10,9,3,129.28395259903886
397,23.415071850813323,4,28,14,8,3,128.7828951794733
1022,28.564144351886405,8,32,3,7,2,128.53864958348882
380,19.681388243754466,4,26,16,9,4,127.92902358440402
1025,28.4172902649289,8,32,6,7,2,127.87780619218006
1031,28.202551779197403,8,32,12,7,2,126.91148300638831
363,19.512699176783144,4,24,18,8,5,126.83254464909044
565,25.036137203995285,5,30,16,7,3,125.18068601997642
1235,24.403212129002082,9,38,10,6,4,122.01606064501041
1033,26.264682332987356,8,32,14,7,2,118.1910704984431
402,21.18795770980235,4,28,19,8,3,116.53376740391293
1218,25.85196971987209,9,36,12,6,3,116.33386373942442
599,17.689807209247352,5,34,12,9,4,114.98374686010779
390,20.821861372185495,4,28,7,8,3,114.52023754702023
373,17.51241085649702,4,26,9,9,4,113.83067056723063
391,20.693364043808803,4,28,8,8,3,113.81350224094841
548,22.61782550548721,5,28,18,6,4,113.08912752743606
374,17.398191007468643,4,26,10,9,4,113.08824154854618
400,20.4904551944187,4,28,17,8,3,112.69750356930285
401,20.4090772566764,4,28,18,8,3,112.2499249117202
356,17.256527813685494,4,24,11,8,5,112.16743078895571
398,20.340455860526134,4,28,15,8,3,111.87250723289374
700,24.780028489516816,6,28,19,6,3,111.51012820282567
357,17.128030485308805,4,24,12,8,5,111.33219815450724
1373,31.797187619400237,10,36,11,4,3,111.29015666790083
1650,27.817404104541854,12,38,10,5,3,111.26961641816742
383,17.08172895760958,4,26,19,9,4,111.03123822446227
553,22.13666212823873,5,30,4,7,3,110.68331064119364
1032,24.57810264160462,8,32,13,7,2,110.6014618872208
394,20.072884347840585,4,28,11,8,3,110.40086391312322
1510,31.49593190845946,11,36,11,4,3,110.23576167960812
381,16.948396214524518,4,26,17,9,4,110.16457539440937
396,19.96046818445862,4,28,13,8,3,109.78257501452241
1201,36.28229590938914,9,34,14,3,3,108.84688772816742
377,16.71055486662003,4,26,13,9,4,108.6186066330302
1521,27.031354788452333,11,38,9,6,2,108.12541915380933
379,16.610629386673885,4,26,15,9,4,107.96909101338025
554,21.427542488334893,5,30,5,7,3,107.13771244167447
557,21.335582943622118,5,30,8,7,3,106.67791471811059
555,21.28068840137739,5,30,6,7,3,106.40344200688695
558,21.110000684085183,5,30,9,7,3,105.55000342042591
561,21.062961238652093,5,30,12,7,3,105.31480619326047
360,16.17051167381041,4,24,15,8,5,105.10832587976766
562,20.934485625646897,5,30,13,7,3,104.67242812823449
362,16.058095510428437,4,24,17,8,5,104.37762081778484
768,19.732266409022696,6,36,11,7,3,98.66133204511348
519,17.81168633857223,5,26,8,6,5,97.96427486214726
866,17.68862522438542,7,32,2,7,4,97.2874387341198
751,19.300387434902515,6,34,13,7,3,96.50193717451258
1361,32.143200728528306,10,34,13,4,2,96.42960218558491
536,19.077761553539325,5,28,6,6,4,95.38880776769662
878,17.295883085307146,7,32,14,7,4,95.12735696918931
716,18.978136808354712,6,30,16,6,4,94.89068404177357
867,17.064496732981247,7,32,3,7,4,93.85473203139686
868,17.01745728754816,7,32,4,7,4,93.59601508151489
520,16.99137125330306,5,26,9,6,5,93.45254189316684
523,16.884085120352886,5,26,12,6,5,92.86246816194087
869,16.870603200590654,7,32,5,7,4,92.7883176032486
704,18.557555425591843,6,30,4,6,4,92.78777712795922
521,16.82004148925508,5,26,10,6,5,92.51022819090294
736,15.379631700934466,6,32,17,9,3,92.27779020560679
706,18.450269292641668,6,30,6,6,4,92.25134646320834
579,16.671489089981286,5,32,11,9,2,91.69318999489707
524,16.620905823810343,5,26,13,6,5,91.41498203095689
537,18.257446468270157,5,28,7,6,4,91.28723234135079
527,16.566490229430958,5,26,16,6,5,91.11569626187027
707,18.18708999609912,6,30,7,6,4,90.9354499804956
540,18.15016033531998,5,28,10,6,4,90.7508016765999
709,18.132210644397244,6,30,9,6,4,90.66105322198622
538,18.086116704222174,5,28,8,6,4,90.43058352111088
541,17.886981038777435,5,28,11,6,4,89.43490519388718
544,17.832565444398053,5,28,14,6,4,89.16282722199027
570,16.102146295642154,5,32,2,9,2,88.56180462603184
571,15.550608780473707,5,32,3,9,2,85.52834829260539
769,17.061954544344545,6,36,12,7,3,85.30977272172272
574,15.479084687876608,5,32,6,9,2,85.13496578332135
572,15.436388931445332,5,32,4,9,2,84.90013912294933
576,15.34940727137829,5,32,8,9,2,84.4217399925806
578,15.312821034882868,5,32,10,9,2,84.22051569185577
575,15.303631813791837,5,32,7,9,2,84.1699749758551
1520,20.768619487195167,11,38,8,6,2,83.07447794878067
387,14.960714201976078,4,28,4,8,3,82.28392811086843
1021,18.203764788832935,8,32,2,7,2,81.9169415497482
1647,20.302121992917897,12,38,7,5,3,81.20848797167159
214,11.483214895437834,3,24,17,9,5,80.38250426806484
370,12.30250218857593,4,26,6,9,4,79.96626422574354
212,11.419589073495857,3,24,15,9,5,79.937123514471
733,13.2911361770129,6,32,14,9,3,79.7468170620774
879,14.45239964672838,7,32,15,7,4,79.48819805700609
384,14.404431448974508,4,28,1,8,3,79.22437296935979
213,11.305369224467478,3,24,16,9,5,79.13758457127234
467,10.530460263445732,4,38,7,10,5,78.978451975843
729,13.107165361408635,6,32,10,9,3,78.64299216845181
1774,22.40045255874992,13,38,7,4,3,78.40158395562472
210,11.19325118359353,3,24,13,9,5,78.3527582851547
468,10.377956464530895,4,38,8,10,5,77.83467348398172
1509,22.1018297374632,11,36,10,4,3,77.3564040811212
552,15.438208338744905,5,30,3,7,3,77.19104169372453
419,11.012917044572418,4,30,17,10,4,77.09041931200693
469,10.271237431431025,4,38,9,10,5,77.0342807357327
785,12.772204321880846,6,38,9,9,3,76.63322593128507
208,10.888050920745107,3,24,11,9,5,76.21635644521575
550,15.18462043567255,5,30,1,7,3,75.92310217836274
367,11.645832217571336,4,26,3,9,4,75.69790941421368
451,10.048958960050266,4,34,11,10,5,75.36719220037699
752,14.938070832666323,6,34,14,7,3,74.69035416333162
452,9.900042656796524,4,34,12,10,5,74.25031992597393
353,11.395380643476077,4,24,8,8,5,74.0699741825945
1641,18.429385427853926,12,38,1,5,3,73.7175417114157
417,10.480953323408173,4,30,15,10,4,73.36667326385721
434,11.270542006520534,4,32,13,9,4,73.25852304238347
418,10.41585097159083,4,30,16,10,4,72.91095680113581
459,10.382347269078132,4,36,9,10,4,72.67643088354691
861,18.140973203426665,7,30,16,6,2,72.56389281370666
721,12.057826998135814,6,32,2,9,3,72.34696198881488
435,11.093438626788355,4,32,14,9,4,72.10735107412431
723,11.986302905538714,6,32,4,9,3,71.91781743323229
849,17.977582392002326,7,30,4,6,2,71.9103295680093
460,10.212477483190597,4,36,10,10,4,71.48734238233418
1066,15.833329878317148,8,36,13,5,4,71.24998445242717
850,17.778446726557586,7,30,5,6,2,71.11378690623035
851,17.723567374855705,7,30,6,6,2,70.89426949942282
148,5.66818061083645,2,36,9,14,11,70.85225763545563
178,8.838048575132834,3,20,19,10,6,70.70438860106267
436,10.845696951978475,4,32,15,9,4,70.49703018786009
852,17.552237610807726,7,30,7,6,2,70.2089504432309
197,9.357846912564005,3,22,19,10,5,70.18385184423003
350,10.788948345808382,4,24,5,8,5,70.12816424775448
453,9.339605838293325,4,34,13,10,5,70.04704378719994
727,11.648571826364073,6,32,8,9,3,69.89143095818443
724,11.639382605273044,6,32,5,9,3,69.83629563163827
195,9.300583672181551,3,22,17,10,5,69.75437754136163
699,15.499553535245363,6,28,18,6,3,69.74799090860414
137,5.57277057158081,2,34,11,14,11,69.65963214476012
726,11.602796368777621,6,32,7,9,3,69.61677821266574
407,9.918447116079923,4,30,5,10,4,69.42912981255947
191,9.24378255205717,3,22,13,10,5,69.32836914042878
461,9.88886097800951,4,36,11,10,4,69.22202684606657
196,9.197785806916665,3,22,18,10,5,68.98339355187498
408,9.815649250815035,4,30,6,10,4,68.70954475570525
124,5.72506546137956,2,32,13,14,10,68.70078553655472
193,9.031121323387687,3,22,15,10,5,67.73340992540766
16,6.744069936421101,2,20,17,13,7,67.44069936421101
687,14.886079041784269,6,28,6,6,3,66.98735568802921
2139,19.114537712456663,16,32,12,4,3,66.90088199359832
176,8.319723601526244,3,20,17,10,6,66.55778881220995
689,14.778792908834095,6,28,8,6,3,66.50456808975343
109,5.304721470526612,2,30,15,14,11,66.30901838158265
1363,18.912537723904258,10,36,1,4,3,66.1938820336649
1859,16.502787828425134,14,30,15,5,3,66.01115131370054
1777,18.855172359854045,13,38,10,4,3,65.99310325948916
690,14.515613612291553,6,28,9,6,3,65.32026125531199
92,5.213856463054746,2,28,17,16,9,65.17320578818433
1501,18.61128201296348,11,36,2,4,3,65.13948704537218
692,14.461198017912166,6,28,11,6,3,65.07539108060475
204,9.273757034284817,3,24,7,9,5,64.91629923999372
609,10.718151577765529,5,36,7,9,3,64.30890946659318
424,9.873410308339242,4,32,3,9,4,64.17716700420507
18,6.4133488533405085,2,20,19,13,7,64.13348853340509
1384,14.230909954396948,10,38,10,6,3,64.03909479478627
203,9.07652199231606,3,24,6,9,5,63.53565394621242
425,9.75178224276016,4,32,4,9,4,63.38658457794104
1367,17.715148684427458,10,36,5,4,3,62.0030203954961
1199,20.639762063814192,9,34,12,3,3,61.91928619144258
1642,15.47268764798454,12,38,2,5,3,61.89075059193816
1503,17.670887598195844,11,36,4,4,3,61.84810659368545
174,7.715455119049869,3,20,15,10,6,61.72364095239895
865,11.212395480819682,7,32,1,7,4,61.66817514450825
1189,20.445536278037313,9,34,2,3,3,61.33660883411194
441,8.17543099983539,4,34,1,10,5,61.31573249876543
1644,15.3249870286763,12,38,4,5,3,61.2999481147052
215,8.750222866207888,3,24,18,9,5,61.251560063455216
216,8.736055102008512,3,24,19,9,5,61.152385714059584
234,8.702800021745007,3,26,18,9,5,60.919600152215054
1190,20.20340711720219,9,34,3,3,3,60.61022135160657
1645,15.119391318654824,12,38,5,5,3,60.477565274619295
1349,20.128786448803936,10,34,1,4,2,60.38635934641181
569,10.892237627721062,5,32,1,9,2,59.907306952465845
438,9.195793608869721,4,32,17,9,4,59.772658457653186
442,7.955669407052151,4,34,2,10,5,59.66752055289113
205,8.518418839228001,3,24,8,9,5,59.628931874596006
1193,19.860747646073712,9,34,6,3,3,59.582242938221135
604,9.915751641258327,5,36,2,9,3,59.49450984754996
862,14.85545939877722,7,30,17,6,2,59.42183759510888
1200,19.748901593258342,9,34,13,3,3,59.24670477977503
603,9.87305588482705,5,36,1,9,3,59.2383353089623
187,7.866451850111365,3,22,9,10,5,58.99838887583524
1374,16.855689787865785,10,36,12,4,3,58.99491425753025
1351,19.58621396947784,10,34,3,4,2,58.75864190843352
786,9.748064569746928,6,38,10,9,3,58.488387418481565
624,8.987917922576857,5,38,8,9,4,58.421466496749574
784,9.65893215786751,6,38,8,9,3,57.95359294720505
186,7.688940310372053,3,22,8,10,5,57.6670523277904
1909,23.000275960576865,14,38,7,3,2,57.50068990144216
1039,14.225859261202684,8,34,1,4,4,56.90343704481074
2008,18.912836868859372,15,32,12,4,2,56.73851060657812
1752,16.203364569742664,13,34,11,5,2,56.71177599409933
1195,18.888647632493104,9,34,8,3,3,56.66594289747931
703,11.297806784102985,6,30,3,6,4,56.48903392051493
1368,16.109298193614972,10,36,6,4,3,56.3825436776524
1769,16.106665303960913,13,38,2,4,3,56.3733285638632
535,11.262898984733983,5,28,5,6,4,56.31449492366991
606,9.37247763774398,5,36,4,9,3,56.23486582646388
1504,16.065037107383358,11,36,5,4,3,56.22762987584175
1041,14.04426237548101,8,34,3,4,4,56.17704950192404
702,11.234936899262843,6,30,2,6,4,56.174684496314214
608,9.35948352266711,5,36,6,9,3,56.15690113600266
1450,12.471004824009608,11,28,18,6,3,56.11952170804324
605,9.326702180157529,5,36,3,9,3,55.960213080945174
1369,15.92467242868794,10,36,7,4,3,55.73635350040779
1771,15.92203953903388,13,38,4,4,3,55.727138386618584
780,9.266226311570843,6,38,4,9,3,55.59735786942506
9,5.548630943250971,2,20,10,13,7,55.48630943250971
254,6.925118103726777,3,28,19,11,5,55.400944829814215
253,6.9127575751847425,3,28,18,11,5,55.30206060147794
1505,15.787778679206593,11,36,6,4,3,55.25722537722307
251,6.8997134596122525,3,28,16,11,5,55.19770767689802
1042,13.787267750771848,8,34,4,4,4,55.14907100308739
10,5.5081493725626585,2,20,11,13,7,55.081493725626586
1513,13.750839072279842,11,38,1,6,2,55.00335628911937
518,9.996823769766888,5,26,7,6,5,54.98253073371788
533,10.967046438176109,5,28,3,6,4,54.83523219088055
1637,21.914541377312418,12,36,9,3,2,54.786353443281044
1506,15.623416717747162,11,36,7,4,3,54.68195851211507
767,10.859362213324466,6,36,10,7,3,54.29681106662233
199,7.703861563554157,3,24,2,9,5,53.9270309448791
1196,17.917571971262202,9,34,9,3,3,53.7527159137866
912,13.436849941762185,7,36,10,5,3,53.74739976704874
13,5.374492515931677,2,20,14,13,7,53.74492515931677
1355,17.876237132908113,10,34,7,4,2,53.628711398724334
271,6.69590109284246,3,30,17,12,4,53.56720874273968
270,6.6896813883817,3,30,16,12,4,53.5174511070536
268,6.685697099339795,3,30,14,12,4,53.48557679471836
516,9.700971223209015,5,26,5,6,5,53.35534172764958
188,7.111113655054549,3,22,10,10,5,53.333352412909115
1048,13.265425191187424,8,34,10,4,4,53.061700764749695
1197,17.671404305155637,9,34,10,3,3,53.01421291546691
1076,11.756783399473692,8,38,4,6,3,52.90552529763161
1047,13.163652071782582,8,34,9,4,4,52.65460828713033
750,10.512604941648055,6,34,12,7,3,52.56302470824028
1020,11.672640503022471,8,32,1,7,2,52.526882263601124
2144,14.976159400471767,16,32,17,4,3,52.41655790165118
925,11.590227413997066,7,38,4,6,3,52.1560233629868
502,9.40629331819212,5,24,10,7,4,51.734613250056654
3239,14.727410655256476,25,36,3,2,5,51.545937293397664
763,10.282986246409997,6,36,6,7,3,51.41493123204999
1625,16.97531191058721,12,34,11,4,2,50.925935731761626
3240,14.548923920940254,25,36,4,2,5,50.92123372329089
929,11.260729209824838,7,38,8,6,3,50.67328144421177
259,6.32692395382518,3,30,5,12,4,50.61539163060144
908,12.648227548831562,7,36,6,5,3,50.59291019532625
2266,16.81694260345977,17,32,12,3,3,50.45082781037931
1514,12.579897840280788,11,38,2,6,2,50.31959136112315
125,4.192808704975864,2,32,14,14,10,50.313704459710365
463,7.1609393155773775,4,36,13,10,4,50.12657520904164
927,11.137072502405934,7,38,6,6,3,50.1168262608267
1861,12.474673722168674,14,30,17,5,3,49.8986948886747
157,3.97927615417569,2,38,7,14,11,49.74095192719613
170,6.212234738857219,3,20,11,10,6,49.697877910857756
1050,12.416270000201662,8,34,12,4,4,49.66508000080665
1722,14.182983495359295,13,30,15,5,2,49.64044223375753
255,6.178865942380914,3,30,1,12,4,49.43092753904731
1356,16.45531130274304,10,34,8,4,2,49.365933908229124
1077,10.942927595610296,8,38,5,6,3,49.243174180246335
913,12.283167536956187,7,36,11,5,3,49.13267014782475
746,9.807753361728393,6,34,8,7,3,49.03876680864197
1187,12.23780320213001,9,32,16,7,1,48.95121280852004
1357,16.27068553781601,10,34,9,4,2,48.812056613448036
910,12.185255307234733,7,36,8,5,3,48.74102122893893
1347,16.136266663627364,10,32,15,5,1,48.40879999088209
2143,13.79939604373048,16,32,16,4,3,48.29788615305668
169,6.034723199117907,3,20,10,10,6,48.27778559294325
8,4.799305529892199,2,20,9,13,7,47.99305529892199
1078,10.660906960494614,8,38,6,6,3,47.974081322225764
1912,19.180102835259547,14,38,10,3,2,47.95025708814887
1911,19.178149581654996,14,38,9,3,2,47.94537395413749
611,7.985159548535581,5,36,9,9,3,47.910957291213485
276,6.37262631164653,3,32,3,11,4,47.79469733734898
1,4.7657715385085115,2,20,2,13,7,47.65771538508511
182,6.291447689214398,3,22,4,10,5,47.18585766910799
2,4.706998243069992,2,20,3,13,7,47.06998243069992
75,4.0774674382381075,2,26,19,16,7,46.89087553973824
778,7.807632776526284,6,38,2,9,3,46.845796659157706
422,7.186576977283934,4,32,1,9,4,46.71275035234557
777,7.761857318939833,6,38,1,9,3,46.571143913639
339,7.740377526281689,4,22,13,8,4,46.44226515769013
1059,10.311512831871521,8,36,6,5,4,46.40180774342185
930,10.299327173853028,7,38,9,6,3,46.346972282338626
242,5.787897071622412,3,28,7,11,5,46.3031765729793
1517,11.56780448964933,11,38,5,6,2,46.27121795859732
503,8.311986124543559,5,24,11,7,4,45.715923684989576
340,7.611880197904999,4,22,14,8,4,45.67128118743
928,10.124064167051896,7,38,7,6,3,45.558288751733535
506,8.220026579830787,5,24,14,7,4,45.21014618906933
231,6.429764715568928,3,26,15,9,5,45.008353008982496
1216,9.986283604051224,9,36,10,6,3,44.938276218230506
719,8.985317040144714,6,30,19,6,4,44.92658520072357
504,8.165132037586057,5,24,12,7,4,44.90822620672331
248,5.589172692998549,3,28,13,11,5,44.71338154398839
171,5.582786222047249,3,20,12,10,6,44.66228977637799
149,3.568078142834466,2,36,10,14,11,44.600976785430824
596,6.860633353839737,5,34,9,9,4,44.59411679995829
1080,9.907804848038934,8,38,8,6,3,44.5851218161752
229,6.3620121689711855,3,26,13,9,5,44.5340851827983
2141,12.712719833916761,16,32,14,4,3,44.49451941870866
1061,9.877158087945073,8,36,8,5,4,44.44721139575283
238,5.554633571184833,3,28,3,11,5,44.43706856947866
2012,14.774458556874478,15,32,16,4,2,44.323375670623435
246,5.533738790119675,3,28,11,11,5,44.2699103209574
1212,9.791383921794527,9,36,6,6,3,44.06122764807537
507,7.994444320293851,5,24,15,7,4,43.969443761616176
230,6.240384103392104,3,26,14,9,5,43.68268872374473
1233,8.736038897231726,9,38,8,6,4,43.680194486158626
1515,10.913782009811301,11,38,3,6,2,43.655128039245206
256,5.450058932949419,3,30,2,12,4,43.600471463595355
1060,9.68789715288226,8,36,7,5,4,43.595537187970166
510,7.921853461677025,5,24,18,7,4,43.57019403922364
247,5.434224916276878,3,28,12,11,5,43.47379933021502
138,3.4726681035788256,2,34,12,14,11,43.40835129473532
739,8.669871652301172,6,34,1,7,3,43.349358261505856
720,7.217994302267548,6,32,1,9,3,43.307965813605286
1229,8.64576009076654,9,38,4,6,4,43.228800453832704
237,5.387984041965728,3,28,2,11,5,43.103872335725825
1074,9.568893218153175,8,38,2,6,3,43.06001948168929
758,8.607633482539004,6,36,1,7,3,43.03816741269502
257,5.379216191816238,3,30,3,12,4,43.033729534529904
1516,10.728943042328625,11,38,4,6,2,42.9157721693145
740,8.577912107588398,6,34,2,7,3,42.88956053794199
1073,9.500230035578609,8,38,1,6,3,42.75103516010374
1629,17.05639979567064,12,36,1,3,2,42.6409994891766
349,6.548199714185814,4,24,4,8,5,42.56329814220779
923,9.402337232676553,7,38,2,6,3,42.31051754704449
1631,16.911190591874874,12,36,3,3,2,42.27797647968718
895,7.664048737620768,7,34,12,7,4,42.152268056914224
1755,12.040026754492612,13,34,14,5,2,42.14009364072414
761,8.407651760738663,6,36,4,7,3,42.03825880369331
1578,10.505182857623462,12,28,17,6,2,42.020731430493846
227,6.002341535983802,3,26,11,9,5,42.01639075188661
922,9.333674050101983,7,38,1,6,3,42.00153322545893
737,6.965612921862959,6,32,18,9,3,41.79367753117776
1891,11.934980299642541,14,34,11,6,1,41.77243104874889
760,8.34879760284838,6,36,3,7,3,41.7439880142419
1083,9.271905362130273,8,38,11,6,3,41.723574129586225
846,10.421981203955594,7,30,1,6,2,41.68792481582238
1378,9.258820512416024,10,38,4,6,3,41.66469230587211
244,5.180142204424921,3,28,9,11,5,41.441137635399365
1063,9.204388855969762,8,36,10,5,4,41.41974985186393
1049,10.316579102763683,8,34,11,4,4,41.26631641105473
126,3.437599340770853,2,32,15,14,10,41.25119208925024
366,6.344896692428883,4,26,2,9,4,41.24182850078774
1375,9.138215937774516,10,38,1,6,3,41.121971719985325
891,7.471038644768352,7,34,8,7,4,41.09071254622594
1496,16.407984624215562,11,34,12,3,2,41.0199615605389
2011,13.597695200133192,15,32,15,4,2,40.79308560039958
903,10.18249276302961,7,36,1,5,3,40.72997105211844
741,8.131871735657233,6,34,3,7,3,40.65935867828617
1500,11.555020021540846,11,36,1,4,3,40.442570075392965
2281,11.544320446196583,17,34,10,5,2,40.40512156168804
586,7.317489686565507,5,32,18,9,2,40.24619327611029
1079,8.939011367455928,8,38,7,6,3,40.22555115355168
906,10.022759418544288,7,36,4,5,3,40.09103767417715
110,3.2046190025246286,2,30,16,14,11,40.057737531557855
274,5.338763306358629,3,32,1,11,4,40.04072479768972
93,3.1955587610501857,2,28,18,16,9,39.94448451312732
343,6.654361386406602,4,22,17,8,4,39.92616831843961
2041,19.961365521246083,15,38,6,2,2,39.92273104249217
1379,8.855850551461112,10,38,5,6,3,39.851327481575005
1217,8.838261455794768,9,36,11,6,3,39.772176551076456
904,9.940363602194486,7,36,2,5,3,39.761454408777944
744,7.932418876057056,6,34,6,7,3,39.66209438028528
1036,8.80745228154056,8,32,17,7,2,39.63353526693252
1188,13.209895488159965,9,34,1,3,3,39.629686464479896
1318,11.299808043119098,10,28,19,5,2,39.54932815091684
588,6.076633451366891,5,34,1,9,4,39.49811743388479
743,7.873564718166776,6,34,5,7,3,39.36782359083388
1213,8.720816838928112,9,36,7,6,3,39.243675775176506
2427,11.201135401385612,18,34,10,5,2,39.20397390484964
893,7.123809434707132,7,34,10,7,4,39.180951890889226
591,5.997701142219085,5,34,4,9,4,38.98505742442405
165,4.870145976097434,3,20,6,10,6,38.96116780877947
225,5.546062214961645,3,26,9,9,5,38.822435504731516
1481,15.517784376394347,11,32,14,4,1,38.79446094098587
1207,8.610252438783766,9,36,1,6,3,38.74613597452694
589,5.9550053857878105,5,34,2,9,4,38.70753500762077
1991,12.886571536873436,15,30,14,4,2,38.65971461062031
239,4.810708262067699,3,28,4,11,5,38.48566609654159
236,4.788222189757621,3,28,1,11,5,38.30577751806097
1211,8.507585857310355,9,36,5,6,3,38.2841363578966
240,4.754034066334512,3,28,5,11,5,38.032272530676096
1210,8.438922674735785,9,36,4,6,3,37.97515203631103
1230,7.568561701687882,9,38,5,6,4,37.84280850843941
2413,12.54903883771793,18,32,12,4,2,37.64711651315379
2451,18.819889587400915,18,38,6,2,2,37.63977917480183
1062,8.362830915887292,8,36,9,5,4,37.63273912149281
464,4.994644983199663,4,38,4,10,5,37.45983737399747
1214,8.317846877973198,9,36,8,6,3,37.43031095087939
1226,7.477475888537382,9,38,1,6,4,37.387379442686914
770,7.4429107186187355,6,36,13,7,3,37.214553593093676
1234,7.389503864924757,9,38,9,6,4,36.947519324623784
1595,12.307307467145757,12,30,15,4,2,36.92192240143727
404,5.229529262981785,4,30,2,10,4,36.606704840872496
150,2.9277000763215577,2,36,11,14,11,36.596250954019474
1903,14.608560318423738,14,38,1,3,2,36.521400796059346
3464,14.569722788021567,28,38,2,2,3,36.42430697005392
3521,14.562875059438735,29,38,2,2,3,36.40718764859684
1377,8.079465537599601,10,38,3,6,3,36.357594919198206
1054,8.042227256973653,8,36,1,5,4,36.190022656381444
94,2.8951607875388468,2,28,19,16,9,36.18950984423559
288,4.82472839337497,3,32,15,11,4,36.18546295031228
285,4.824576333286526,3,32,12,11,4,36.18432249964894
287,4.822232155468123,3,32,14,11,4,36.16674116601092
1725,10.326474919994634,13,30,18,5,2,36.14266221998122
2259,11.983007962997219,17,32,5,3,3,35.949023888991654
1906,14.36239265231717,14,38,4,3,2,35.90598163079293
593,5.5149594138181905,5,34,6,9,4,35.84723618981824
1231,7.165591740732968,9,38,6,6,4,35.82795870366484
595,5.50196529874132,5,34,8,9,4,35.76277444181858
1228,7.141826645346239,9,38,3,6,4,35.7091332267312
265,4.452709479370731,3,30,11,12,4,35.62167583496585
592,5.469183956231739,5,34,5,9,4,35.5496957155063
221,5.070245380770704,3,26,5,9,5,35.49171766539493
1849,8.86047053988361,14,30,5,5,3,35.44188215953444
1227,7.07316346277167,9,38,2,6,4,35.36581731385835
139,2.8213884069569697,2,34,13,14,11,35.26735508696212
896,6.342813165504856,7,34,13,7,4,34.885472410276705
2270,11.619374437545968,17,32,16,3,3,34.8581233126379
263,4.3506948680494,3,30,9,12,4,34.8055589443952
414,4.951750670299575,4,30,12,10,4,34.66225469209702
1057,7.686044701584249,8,36,4,5,4,34.58720115712912
403,4.926222204877225,4,30,1,10,4,34.48355543414057
686,7.626330400295411,6,28,5,6,3,34.31848680132935
2167,8.57401141761056,16,36,8,6,2,34.29604567044224
1742,9.797537149354502,13,34,1,5,2,34.29138002274076
1055,7.603648885234445,8,36,2,5,4,34.216419983555
682,7.595679011690226,6,28,1,6,3,34.180555552606016
220,4.866562626940783,3,26,4,9,5,34.06593838858548
456,4.853144615969534,4,36,6,10,4,33.97201231178674
448,4.519756306941674,4,34,8,10,5,33.898172302062555
1632,13.52282573515929,12,36,4,3,2,33.807064337898225
1850,8.38846802817086,14,30,6,5,3,33.55387211268344
2258,11.11501814982659,17,32,4,3,3,33.34505444947977
264,4.16756020435207,3,30,10,12,4,33.34048163481656
431,5.126983571158061,4,32,10,9,4,33.3253932125274
974,8.328463806800352,8,26,8,5,3,33.31385522720141
1634,13.276658069052724,12,36,6,3,2,33.19164517263181
2849,11.031144154502993,21,38,7,4,2,33.093432463508975
1743,9.434343468483123,13,34,2,5,2,33.02020213969093
272,4.125191213186395,3,30,18,12,4,33.00152970549116
2971,10.996332266923432,22,38,7,4,2,32.988996800770295
685,7.330477853737538,6,28,4,6,3,32.98715034181892
3319,13.11952592163362,26,36,3,2,3,32.79881480408405
1852,8.156880648092274,14,30,8,5,3,32.6275225923691
844,8.156375392614429,7,28,18,6,2,32.625501570457715
2850,10.831912286839723,21,38,8,4,2,32.495736860519166
2972,10.797100399260163,22,38,8,4,2,32.39130119778049
884,5.881478830541247,7,34,1,7,4,32.34813356797686
885,5.865300973885914,7,34,2,7,4,32.259155356372524
1745,9.189032774532349,13,34,4,5,2,32.16161471086322
3320,12.822048070671377,26,36,4,2,3,32.05512017667844
111,2.5533393059027727,2,30,17,14,11,31.91674132378466
2960,10.605533960583063,22,36,9,3,3,31.81660188174919
975,7.950477552704283,8,26,9,5,3,31.80191021081713
2023,10.599937340013915,15,34,10,5,1,31.799812020041742
2267,10.55673603074368,17,32,13,3,3,31.670208092231043
2406,10.508849588661011,18,32,5,4,2,31.526548765983033
886,5.718446886928409,7,34,3,7,4,31.45145787810625
2961,10.469835200115027,22,36,10,3,3,31.409505600345078
217,4.486252102522938,3,26,1,9,5,31.403764717660565
261,3.9178102280309837,3,30,7,12,4,31.34248182424787
2045,15.607915333613018,15,38,10,2,2,31.215830667226037
1768,8.871024514083564,13,38,1,4,3,31.04858579929247
290,3.4433188271523405,3,34,1,11,7,30.989869444371063
2130,8.84301023529852,16,32,3,4,3,30.95053582354482
1305,8.82607586873551,10,28,6,5,2,30.891265540574285
2046,15.408683465949746,15,38,11,2,2,30.817366931899492
2715,12.318428143036298,20,38,7,3,2,30.796070357590747
889,5.595704159097018,7,34,6,7,4,30.776372875033598
984,7.666456391797705,8,26,18,5,3,30.66582556719082
1738,15.331646801227489,13,32,13,3,1,30.663293602454978
33,3.223461142946417,2,22,15,13,6,30.62288085799096
887,5.5368500012067345,7,34,4,7,4,30.45267500663704
701,6.080398155344493,6,30,1,6,4,30.401990776722464
2716,12.119196275373028,20,38,8,3,2,30.29799068843257
222,4.314907185713887,3,26,6,9,5,30.20435029999721
2183,14.945762361673335,16,38,11,2,2,29.89152472334667
2953,9.95331259717656,22,36,2,3,3,29.859937791529678
198,4.2616954664579145,3,24,1,9,5,29.8318682652054
1306,8.510260723385374,10,28,7,5,2,29.78591253184881
3243,8.488121551744046,25,36,7,2,5,29.70842543110416
1438,6.574359708673184,11,28,6,6,3,29.58461868902933
832,7.386294564398566,7,28,6,6,2,29.545178257594262
1876,14.759671802615673,14,32,13,3,1,29.519343605231345
1485,11.795596189694091,11,34,1,3,2,29.48899047423523
515,5.359586171874977,5,26,4,6,5,29.47772394531237
3245,8.407920464077726,25,36,9,2,5,29.427721624272042
2853,9.786921608409855,21,38,11,4,2,29.360764825229566
2964,9.75808189766013,22,36,13,3,3,29.27424569298039
2975,9.752109720830294,22,38,11,4,2,29.256329162490882
1362,9.73095770728408,10,34,14,4,2,29.19287312185224
1470,11.648292281515115,11,32,3,4,1,29.120730703787785
512,5.279060768696462,5,26,1,6,5,29.034834227830544
1312,8.226239562478796,10,28,13,5,2,28.791838468675785
833,7.187158898953827,7,28,7,6,2,28.74863559581531
2044,14.36944006936994,15,38,9,2,2,28.73888013873988
455,3.8245090185947737,4,34,15,10,5,28.683817639460802
3066,9.547935822321335,23,36,9,3,3,28.643807466964006
1487,11.43240250882271,11,34,3,3,2,28.581006272056776
834,7.1327433045744435,7,28,8,6,2,28.530973218297774
2963,9.481362856705704,22,36,12,3,3,28.444088570117113
1475,11.341653929370327,11,32,8,4,1,28.354134823425817
1144,8.100287970055527,9,28,6,4,3,28.351007895194346
2182,14.170208201706668,16,38,10,2,2,28.340416403413336
365,4.339315786676639,4,26,1,9,4,28.205552613398154
2132,8.054419408564357,16,32,5,4,3,28.19046792997525
2852,9.38064485866515,21,38,10,4,2,28.14193457599545
1893,8.020017389893447,14,34,13,6,1,28.070060864627063
818,7.011559964267581,7,26,8,6,2,28.046239857070326
2974,9.345832971085589,22,38,10,4,2,28.037498913256766
514,5.092674630026212,5,26,3,6,5,28.009710465144167
1982,9.323638120215973,15,30,5,4,2,27.970914360647917
35,2.9387803569656277,2,22,17,13,6,27.918413391173463
2962,9.301761556086241,22,36,11,3,3,27.905284668258723
835,6.961413540526462,7,28,9,6,2,27.84565416210585
532,5.54031539466841,5,28,2,6,4,27.70157697334205
2718,11.07420559694316,20,38,10,3,2,27.6855139923579
753,5.505265830727776,6,34,15,7,3,27.52632915363888
3408,9.170066723473768,27,38,8,3,3,27.510200170421307
2310,13.707287097430257,17,38,11,2,2,27.414574194860514
2954,9.121825094308692,22,36,3,3,3,27.365475282926077
2851,9.11695562205201,21,38,9,4,2,27.350866866156032
3402,9.099882810241944,27,38,2,3,3,27.29964843072583
819,6.812424298822843,7,26,9,6,2,27.249697195291372
50,2.270767461050651,2,24,13,17,7,27.249209532607814
2973,9.082143734472451,22,38,9,4,2,27.24643120341735
1439,6.054524429326361,11,28,7,6,3,27.245359931968625
327,5.422759552567716,4,20,15,7,3,27.11379776283858
1983,9.03233848333885,15,30,6,4,2,27.09701545001655
531,5.4114042378543665,5,28,1,6,4,27.057021189271833
820,6.760615039811897,7,26,10,6,2,27.04246015924759
3246,7.7175620820088175,25,36,10,2,5,27.01146728703086
1145,7.705519058057074,9,28,7,4,3,26.96931670319976
3059,8.980356101979394,23,36,2,3,3,26.94106830593818
37,2.8352098226173257,2,22,19,13,6,26.934493314864593
1995,8.961071139032253,15,30,18,4,2,26.88321341709676
598,4.12764132460979,5,34,11,9,4,26.829668609963637
249,3.3530882603860084,3,28,14,11,5,26.824706083088067
250,3.3389204961866334,3,28,15,11,5,26.711363969493068
2717,10.667928847198455,20,38,9,3,2,26.669822117996137
140,2.1276076487698927,2,36,1,14,11,26.59509560962366
2405,8.845772512653877,18,32,4,4,2,26.53731753796163
123,2.2099692894684186,2,32,12,14,10,26.519631473621025
2180,13.225776308609593,16,38,8,2,2,26.451552617219185
2306,13.223823055005044,17,38,7,2,2,26.447646110010087
3165,10.578166862973083,24,36,10,3,2,26.445417157432708
328,5.275905465610212,4,20,16,7,3,26.379527328051058
821,6.589285275763916,7,26,11,6,2,26.357141103055664
1984,8.743502013356997,15,30,7,4,2,26.230506040070992
1853,6.557528875603246,14,30,9,5,3,26.230115502412986
2955,8.733425610758427,22,36,4,3,3,26.200276832275282
1444,5.817840120701079,11,28,12,6,3,26.180280543154854
84,2.0938155326875094,2,28,9,16,9,26.172694158593867
1152,7.441389118771216,9,28,14,4,3,26.044861915699258
1999,8.641309391701231,15,32,3,4,2,25.923928175103693
2260,8.633228862121861,17,32,6,3,3,25.899686586365583
232,3.696772686338981,3,26,16,9,5,25.877408804372866
233,3.682604922139607,3,26,17,9,5,25.778234454977248
144,2.0606209782491813,2,36,5,14,11,25.757762228114768
116,2.145015943760635,2,32,5,14,10,25.74019132512762
129,2.0321976095142524,2,34,3,14,11,25.402470118928157
67,2.206390402557205,2,26,11,16,7,25.37348962940786
143,2.0269422667664125,2,36,4,14,11,25.336778334580156
1067,5.627755912824621,8,36,14,5,4,25.324901607710792
2456,12.653179167926915,18,38,11,2,2,25.30635833585383
1584,8.429000143795863,12,30,4,4,2,25.28700043138759
2264,8.393162849676223,17,32,10,3,3,25.17948854902867
1856,6.265788629670241,14,30,12,5,3,25.063154518680964
120,2.080947869853202,2,32,9,14,10,24.971374438238424
26,2.62258488648322,2,22,8,13,6,24.91455642159059
1490,9.910836598128988,11,34,6,3,2,24.77709149532247
142,1.981704775462878,2,36,3,14,11,24.771309693285975
3067,8.244163417824513,23,36,10,3,3,24.73249025347354
2122,12.329940938617854,16,30,14,2,2,24.65988187723571
2572,6.15940719779719,19,36,9,6,2,24.63762879118876
295,2.7355309160238086,3,34,6,11,7,24.619778244214277
133,1.965210938993541,2,34,7,14,11,24.565136737419262
2015,8.187331521156649,15,34,2,5,1,24.561994563469945
27,2.5753563884685393,2,22,9,13,6,24.465885690451124
3060,8.148868599111527,23,36,3,3,3,24.44660579733458
880,4.444203052058418,7,32,16,7,4,24.443116786321298
119,2.03428402456095,2,32,8,14,10,24.4114082947314
653,6.97083801342229,6,24,10,5,2,24.397933046978014
1585,8.130296670458632,12,30,5,4,2,24.390890011375895
2452,12.189530693553253,18,38,7,2,2,24.379061387106507
1335,8.120014515419404,10,32,3,5,1,24.36004354625821
1158,8.119199549138337,9,30,4,5,1,24.35759864741501
52,2.0267553529860813,2,24,15,17,7,24.321064235832978
802,6.938285895608683,7,24,10,5,2,24.284000634630388
485,5.369891607494324,5,22,12,7,2,24.16451223372446
2000,8.051306281486877,15,32,4,4,2,24.15391884446063
132,1.931532227510772,2,34,6,14,11,24.14415284388465
1172,8.019640682555035,9,30,18,5,1,24.058922047665106
2454,11.990298825889983,18,38,9,2,2,23.980597651779966
655,6.842094658162823,6,24,12,5,2,23.947331303569882
306,2.8153646737847504,3,36,4,10,7,23.930599727170378
2016,7.942020827205873,15,34,3,5,1,23.82606248161762
2574,5.955859090935207,19,36,11,6,2,23.82343636374083
118,1.9845227845783089,2,32,7,14,10,23.814273414939706
296,2.6314674633259814,3,34,7,11,7,23.683207169933834
1341,7.874703821468632,10,32,9,5,1,23.624111464405896
1589,7.862554996216543,12,30,9,4,2,23.587664988649628
131,1.8862947362072373,2,34,5,14,11,23.578684202590466
2001,7.852718564967069,15,32,5,4,2,23.558155694901206
1994,7.844840413659725,15,30,17,4,2,23.534521240979174
158,1.8791736861737067,2,38,8,14,11,23.489671077171334
122,1.9568401155993156,2,32,11,14,10,23.482081387191787
1159,7.8033844037882,9,30,5,5,1,23.410153211364598
2133,6.682964641457762,16,32,6,4,3,23.390376245102168
54,1.94755435470157,2,24,17,17,7,23.37065225641884
3061,7.770037473115134,23,36,4,3,3,23.3101124193454
1615,7.767803788080724,12,34,1,4,2,23.303411364242173
153,1.8634663566715823,2,38,3,14,11,23.29332945839478
294,2.583890583541162,3,34,5,11,7,23.255015251870457
307,2.7269136352607344,3,36,5,10,7,23.178765899716243
1476,9.223997121605345,11,32,9,4,1,23.059992804013362
2455,11.527377721613572,18,38,10,2,2,23.054755443227144
1477,9.203733318137742,11,32,10,4,1,23.009333295344355
101,1.8380441755815091,2,30,7,14,11,22.975552194768863
3157,9.180430019767865,24,36,2,3,2,22.951075049419664
1764,9.166104327962474,13,36,9,3,2,22.915260819906184
152,1.8297876451888129,2,38,2,14,11,22.87234556486016
656,6.526279512812687,6,24,13,5,2,22.841978294844406
30,2.397786455280376,2,22,12,13,6,22.77897132516357
305,2.673751279715457,3,36,3,10,7,22.72688587758138
1332,9.07842629702661,10,30,17,4,1,22.696065742566525
803,6.4662833838959335,7,24,11,5,2,22.631991843635767
658,6.464108404066753,6,24,15,5,2,22.624379414233637
2418,7.53314230063166,18,32,17,4,2,22.59942690189498
1478,9.039371356678311,11,32,11,4,1,22.598428391695776
146,1.8062179315446,2,36,7,14,11,22.577724144307503
69,1.9623782944926351,2,26,13,16,7,22.567350386665304
346,3.469839711451155,4,24,1,8,5,22.55395812443251
1166,7.5048235360629825,9,30,12,5,1,22.514470608188947
1741,11.2142641591281,13,32,16,3,1,22.4285283182562
86,1.793572387101159,2,28,11,16,9,22.419654838764487
804,6.404251387248916,7,24,12,5,2,22.414879855371204
88,1.7892967814276861,2,28,13,16,9,22.366209767846076
2285,6.383327743434656,17,34,14,5,2,22.341647102021295
151,1.7845501538852782,2,38,1,14,11,22.306876923565977
3081,7.421695252589,23,38,11,4,2,22.265085757767
1616,7.4046101072093435,12,34,2,4,2,22.21383032162803
331,4.4269774003341515,4,20,19,7,3,22.13488700167076
2137,6.318289352229795,16,32,10,4,3,22.11401273280428
3160,8.801598893771471,24,36,5,3,2,22.003997234428677
3410,7.3206582092502765,27,38,10,3,3,21.96197462775083
0,2.1948957611977864,2,20,1,13,7,21.948957611977864
1313,6.264777988164265,10,28,14,5,2,21.926722958574928
2585,10.945308147460116,19,38,10,2,2,21.890616294920232
1746,6.247676196876928,13,34,5,5,2,21.866866689069248
3168,8.744340592194966,24,36,13,3,2,21.860851480487415
43,1.807772602534467,2,24,6,17,7,21.693271230413604
71,1.8782272341239494,2,26,15,16,7,21.59961319242542
1619,7.198858942297197,12,34,5,4,2,21.596576826891592
3170,8.569401892088413,24,38,2,3,2,21.423504730221033
1314,6.117077368856027,10,28,15,5,2,21.40977079099609
135,1.710807892288959,2,34,9,14,11,21.385098653611987
147,1.709706373745027,2,36,8,14,11,21.371329671812838
181,2.8492815921181562,3,22,3,10,5,21.369611940886173
1878,10.676375318053053,14,32,15,3,1,21.352750636106105
347,3.2834535727809055,4,24,2,8,5,21.342448223075888
3467,8.509436302938346,28,38,5,2,3,21.273590757345865
3466,8.50813413365216,28,38,4,2,3,21.2703353341304
3525,8.50258908401081,29,38,6,2,3,21.256472710027023
3523,8.501286405069328,29,38,4,2,3,21.25321601267332
44,1.7672910318461548,2,24,7,17,7,21.20749238215386
2838,8.475977306906087,21,36,9,3,2,21.189943267265217
19,2.2074953701671105,2,22,1,13,6,20.97120601658755
105,1.671306890665024,2,30,11,14,11,20.891336133312798
108,1.6700330178295455,2,30,14,14,11,20.875412722869317
79,1.6679230711994384,2,28,4,16,9,20.84903838999298
1749,5.955630008023487,13,34,8,5,2,20.844705028082203
2566,5.194616473131028,19,36,2,6,2,20.77846589252411
1712,5.931145793478804,13,30,5,5,2,20.759010277175815
282,2.7677465747567305,3,32,9,11,4,20.75809931067548
3249,5.926274669635798,25,36,13,2,5,20.741961343725293
1053,5.181381809424801,8,34,15,4,4,20.725527237699204
2286,5.917453917727709,17,34,15,5,2,20.71108871204698
2839,8.272429200044105,21,36,10,3,2,20.68107300011026
670,5.887144429256445,6,26,8,5,2,20.605005502397557
2830,8.238834297909598,21,36,1,3,2,20.597085744773995
104,1.6376281791822551,2,30,10,14,11,20.47035223977819
3171,8.181002408538152,24,38,3,3,2,20.45250602134538
1005,5.8334561578688655,8,30,4,6,1,20.41709655254103
1882,5.823926649141974,14,34,2,6,1,20.38374327199691
112,1.6980303127789012,2,32,1,14,10,20.376363753346816
486,4.520963542218265,5,22,13,7,2,20.344335939982194
280,2.7118918115806,3,32,7,11,4,20.3391885868545
2027,6.764534798146743,15,34,14,5,1,20.29360439444023
1985,6.748785720663538,15,30,8,4,2,20.246357161990616
136,1.6142963344893866,2,34,10,14,11,20.178704181117332
489,4.482537891985423,5,22,16,7,2,20.171420513934404
672,5.7584010739969775,6,26,10,5,2,20.15440375898942
3238,5.750962650742501,25,36,2,2,5,20.128369277598754
3176,8.046505347171854,24,38,8,3,2,20.116263367929633
155,1.6090633099670002,2,38,5,14,11,20.1132913745875
1491,8.016268982062435,11,34,7,3,2,20.040672455156088
1715,5.716952443402176,13,30,8,5,2,20.009333551907616
1492,7.989250579684887,11,34,8,3,2,19.973126449212216
60,1.7358663477229868,2,26,4,16,7,19.96246299881435
991,6.640009089951326,8,28,6,4,2,19.92002726985398
103,1.5923906878787204,2,30,9,14,11,19.904883598484005
3070,6.589938447665858,23,36,13,3,3,19.769815342997575
2693,5.644766495665717,20,34,11,4,3,19.756682734830008
1989,6.568736196362604,15,30,12,4,2,19.70620858908781
2685,5.626380659776308,20,34,3,4,3,19.69233230921708
2407,6.562459528637589,18,32,6,4,2,19.687378585912768
487,4.3741094552607604,5,22,14,7,2,19.68349254867342
1884,5.619501064052469,14,34,4,6,1,19.66825372418364
113,1.6384333311919075,2,32,2,14,10,19.66119997430289
127,1.5728639609970465,2,34,1,14,11,19.660799512463083
1153,5.617297121958159,9,28,15,4,3,19.660539926853556
81,1.5703791973188486,2,28,6,16,9,19.62973996648561
2411,6.54318482778555,18,32,10,4,2,19.62955448335665
2432,5.600536086789651,18,34,15,5,2,19.601876303763778
281,2.6116224174451363,3,32,8,11,4,19.587168130838524
845,4.893736417897214,7,28,19,6,2,19.574945671588857
2575,4.888229314747362,19,36,12,6,2,19.55291725898945
2414,6.507646504384154,18,32,13,4,2,19.522939513152462
2433,4.874552527995755,18,36,1,6,2,19.49821011198302
61,1.6953847770346748,2,26,5,16,7,19.49692493589876
2283,5.5692605287683765,17,34,12,5,2,19.49241185068932
2282,5.5672948164236224,17,34,11,5,2,19.485531857482677
2002,6.481263797860473,15,32,6,4,2,19.44379139358142
1493,7.770101315955868,11,34,9,3,2,19.42525328988967
1006,5.515397509624439,8,30,5,6,1,19.303891283685537
266,2.4029654006529304,3,30,12,12,4,19.223723205223443
47,1.601881196876781,2,24,10,17,7,19.22257436252137
2412,6.386845587541264,18,32,11,4,2,19.160536762623792
1173,4.777856942159079,9,32,2,7,1,19.111427768636315
267,2.3852556962869884,3,30,13,12,4,19.082045570295907
2705,5.449826420928655,20,36,9,5,2,19.074392473250292
673,5.4425859286468405,6,26,11,5,2,19.04905075026394
1154,5.4326713570311265,9,28,16,4,3,19.014349749608943
465,2.5349521296309487,4,38,5,10,5,19.012140972232114
156,1.5125517521674272,2,38,6,14,11,18.90689690209284
3250,7.560161975215643,25,38,1,3,2,18.90040493803911
675,5.399936215589241,6,26,13,5,2,18.899776754562343
3390,9.442879272580356,27,36,3,2,2,18.885758545160712
1445,4.183288754423141,11,28,13,6,3,18.824799394904133
292,2.082571834141158,3,34,3,11,7,18.743146507270424
1446,4.156605194456668,11,28,14,6,3,18.704723375055007
1009,5.344067745576459,8,30,8,6,1,18.704237109517607
2687,5.342257291661118,20,34,5,4,3,18.697900520813914
302,2.0725854954959213,3,34,13,11,7,18.653269459463292
992,6.1919280392898335,8,28,7,4,2,18.5757841178695
301,2.0618755036952074,3,34,12,11,7,18.55687953325687
1846,4.635561594503552,14,30,2,5,3,18.54224637801421
1342,6.180578290761627,10,32,10,5,1,18.54173487228488
303,2.174086694999315,3,36,1,10,7,18.47973690749418
299,2.051406225439174,3,34,10,11,7,18.462656028952566
1127,4.605123699412643,9,26,8,6,2,18.420494797650573
2428,5.257713007446287,18,34,11,5,2,18.401995526062006
2706,5.246278314066672,20,36,10,5,2,18.361974099233354
2006,6.116588508632507,15,32,10,4,2,18.34976552589752
2940,6.111740934702977,22,34,4,4,2,18.33522280410893
490,4.036964784820006,5,22,17,7,2,18.166341531690026
1728,9.06063626498278,13,32,3,3,1,18.12127252996556
3469,7.23331040248054,28,38,7,2,3,18.08327600620135
2691,5.166643350564793,20,34,9,4,3,18.083251726976776
91,1.44567404383441,2,28,16,16,9,18.070925547930123
3528,7.225963721361047,29,38,9,2,3,18.064909303402615
1590,6.013520212356752,12,30,10,4,2,18.040560637070257
2842,7.204799423856259,21,36,13,3,2,18.01199855964065
3252,7.171762491665379,25,38,3,3,2,17.929406229163448
1567,4.478623859571592,12,28,6,6,2,17.91449543828637
3330,7.159180478630292,26,38,1,3,2,17.89795119657573
1015,5.095947341677432,8,30,14,6,1,17.835815695871013
3257,7.130305182638991,25,38,8,3,2,17.825762956597476
25,1.873259473124449,2,22,7,13,6,17.795964994682265
1001,5.927798100003976,8,28,16,4,2,17.783394300011928
96,1.420828636844123,2,30,2,14,11,17.760357960551538
1447,3.940171874728618,11,28,15,6,3,17.73077343627878
1866,8.859617229293493,14,32,3,3,1,17.719234458586985
107,1.4169038439604422,2,30,13,14,11,17.711298049505526
2430,5.057210348281273,18,34,13,5,2,17.700236218984454
64,1.5368035768731598,2,26,8,16,7,17.673241134041337
2287,4.41821573753298,17,36,1,6,2,17.67286295013192
1343,5.8885321019081855,10,32,11,5,1,17.665596305724556
1731,8.79239767348842,13,32,6,3,1,17.58479534697684
2560,5.846829939470301,19,34,11,4,2,17.540489818410904
1592,5.828894447429719,12,30,12,4,2,17.486683342289158
415,2.49205781673086,4,30,13,10,4,17.44440471711602
2249,11.55517577519006,17,30,14,2,1,17.33276366278509
98,1.3787105270643034,2,30,4,14,11,17.23388158830379
2552,5.725415963616873,19,34,3,4,2,17.176247890850618
313,2.018234118060115,3,36,11,10,7,17.154990003510978
312,2.0106101758286004,3,36,10,10,7,17.090186494543104
278,2.276729403764333,3,32,5,11,4,17.075470528232497
310,2.005578965733597,3,36,8,10,7,17.047421208735575
2420,4.866951401814868,18,34,3,5,2,17.03432990635204
2026,5.673923735221246,15,34,13,5,1,17.02177120566374
2965,5.663953653518339,22,38,1,4,2,16.991860960555016
2841,6.789720931431828,21,36,12,3,2,16.97430232857957
1867,8.461345964617015,14,32,4,3,1,16.92269192923403
21,1.780952186302242,2,22,3,13,6,16.9190457698713
1174,4.229314388727375,9,32,3,7,1,16.9172575549095
3323,6.761769891416342,26,36,7,2,3,16.904424728540853
3322,6.76045941630197,26,36,6,2,3,16.901148540754924
2127,8.437613010416236,16,30,19,2,2,16.87522602083247
2172,4.188837447458788,16,36,13,6,2,16.75534978983515
457,2.3934517624008205,4,36,7,10,4,16.75416233680574
2017,5.564907285059079,15,34,4,5,1,16.69472185517724
2274,4.76435941062836,17,34,3,5,2,16.675257937199262
77,1.3322785295963855,2,28,2,16,9,16.653481619954817
3325,6.6281014297504885,26,36,9,2,3,16.57025357437622
2832,6.60320376741092,21,36,3,3,2,16.5080094185273
3337,6.591952844187301,26,38,8,3,2,16.479882110468253
813,4.102877655621007,7,26,3,6,2,16.411510622484027
3071,5.470321753716819,23,38,1,4,2,16.41096526115046
1869,8.196562364600874,14,32,6,3,1,16.393124729201748
1128,4.085288420065818,9,26,9,6,2,16.34115368026327
1179,4.0824603017698715,9,32,8,7,1,16.329841207079486
1167,5.442950160967365,9,30,13,5,1,16.328850482902098
2553,5.43411632673975,19,34,4,4,2,16.30234898021925
2840,6.520319025290966,21,36,11,3,2,16.300797563227416
78,1.300792862508424,2,28,3,16,9,16.2599107813553
2021,5.41720666575084,15,34,8,5,1,16.251619997252522
2535,6.49700295587103,19,32,3,3,2,16.242507389677574
2431,4.591336522574327,18,34,14,5,2,16.069677829010146
3179,6.417135853779532,24,38,11,3,2,16.042839634448832
1705,6.4161343465944,13,28,17,3,2,16.040335866486
969,4.005163332835289,8,26,3,5,3,16.020653331341155
164,2.001674133139967,3,20,5,10,6,16.013393065119736
1300,4.5649465035163805,10,28,1,5,2,15.977312762307331
814,3.9832917800438934,7,26,4,6,2,15.933167120175574
1236,3.1836440641415886,9,38,11,6,4,15.918220320707944
2836,6.3631377549652814,21,36,7,3,2,15.907844387413203
1168,5.295249541659127,9,30,14,5,1,15.885748624977381
409,2.2638244332753352,4,30,7,10,4,15.846771032927347
1303,4.524314568593442,10,28,4,5,2,15.835100990077047
2567,3.9473854261826125,19,36,3,6,2,15.78954170473045
2558,5.254066802438817,19,34,9,4,2,15.762200407316449
411,2.236802688959919,4,30,9,10,4,15.657618822719432
2273,4.472691951564974,17,34,2,5,2,15.654421830477407
2536,6.245610047607357,19,32,4,3,2,15.614025119018393
432,2.3939915419281146,4,32,11,9,4,15.560945022532746
159,1.238996192235181,2,38,9,14,11,15.487452402939764
1181,3.867721816038374,9,32,10,7,1,15.470887264153497
449,2.0600634533729596,4,34,9,10,5,15.450475900297198
319,1.9295511238039242,3,38,10,10,6,15.436408990431394
957,5.144787185049961,8,24,10,4,2,15.434361555149884
916,3.8585762994947412,7,36,14,5,3,15.434305197978965
1135,3.849035938595276,9,26,16,6,2,15.396143754381104
413,2.188067668296046,4,30,11,10,4,15.31647367807232
90,1.2241860147263046,2,28,15,16,9,15.302325184078807
2843,5.099260789438169,21,38,1,4,2,15.297782368314508
2545,6.111582665589782,19,32,13,3,2,15.278956663974455
2966,5.073950543303984,22,38,2,4,2,15.221851629911953
1469,6.046031483921923,11,32,2,4,1,15.115078709804807
1898,5.011371854049869,14,36,9,4,2,15.034115562149605
968,3.7331849009537272,8,26,2,5,3,14.932739603814909
428,2.291971622158847,4,32,7,9,4,14.897815544032504
501,2.7078395286982944,5,24,9,7,4,14.893117407840618
1600,5.949966045260701,12,32,2,4,1,14.874915113151753
1716,4.237724542537409,13,30,9,5,2,14.832035898880932
42,1.2347590407970437,2,24,5,17,7,14.817108489564525
2571,3.70426854648809,19,36,7,6,2,14.81707418595236
2036,7.37379415071252,15,38,1,2,2,14.74758830142504
899,2.6706266435433057,7,34,16,7,4,14.688446539488181
2126,7.330815000900392,16,30,18,2,2,14.661630001800784
180,1.9526113486850034,3,22,2,10,5,14.644585115137525
445,1.9500858414251157,4,34,5,10,5,14.625643810688368
2708,4.178648537878828,20,36,12,5,2,14.625269882575896
2160,3.630193313349048,16,36,1,6,2,14.520773253396191
2171,3.606644158730912,16,36,12,6,2,14.426576634923649
443,1.9142092517007583,4,34,3,10,5,14.356569387755687
863,3.582546339349457,7,30,18,6,2,14.330185357397829
3237,4.087716165455508,25,36,1,2,5,14.30700657909428
426,2.1999574252204614,4,32,5,9,4,14.299723263933
2847,4.73420307157873,21,38,5,4,2,14.202609214736192
179,1.8751585771754546,3,22,1,10,5,14.06368932881591
2039,7.004542712941084,15,38,4,2,2,14.009085425882168
95,1.1204493691347042,2,30,1,14,11,14.005617114183803
2156,4.666804428309188,16,34,12,5,1,14.000413284927564
3463,5.593274783507593,28,38,1,2,3,13.983186958768982
38,1.1641711143056386,2,24,1,17,7,13.970053371667664
3520,5.586427054924761,29,38,1,2,3,13.966067637311903
815,3.472853080602323,7,26,5,6,2,13.891412322409291
3405,4.628564879986973,27,38,5,3,3,13.885694639960919
3404,4.627262710700787,27,38,4,3,3,13.881788132102361
1732,6.939931159074364,13,32,7,3,1,13.879862318148728
2419,3.9542475423823165,18,34,2,5,2,13.839866398338108
2958,4.613287928530605,22,36,7,3,3,13.839863785591815
1719,3.945984296604403,13,30,12,5,2,13.81094503811541
3326,5.477504279332655,26,36,10,2,3,13.693760698331639
3472,5.44202299010752,28,38,10,2,3,13.6050574752688
787,2.266585801711915,6,38,11,9,3,13.59951481027149
1620,4.530702065183711,12,34,6,4,2,13.592106195551132
3529,5.434676308988026,29,38,10,2,3,13.586690772470064
1767,5.422143912922126,13,36,12,3,2,13.555359782305313
498,2.4542516256259397,5,24,6,7,4,13.498383940942668
1735,6.693763492967797,13,32,10,3,1,13.387526985935594
430,2.056224714077481,4,32,9,9,4,13.365460641503626
1434,2.960962244177822,11,28,2,6,3,13.324330098800198
1319,5.2961844123379365,10,30,4,4,1,13.240461030844841
2959,4.4009010047726145,22,36,8,3,3,13.202703014317844
2707,3.763570045454396,20,36,11,5,2,13.172495159090385
1436,2.9271022972828558,11,28,4,6,3,13.171960337772852
447,1.7560733049381438,4,34,7,10,5,13.170549787036078
3260,5.26474104963108,25,38,11,3,2,13.1618526240777
1185,3.2903431787580506,9,32,14,7,1,13.161372715032202
1157,3.759257513501942,9,28,19,4,3,13.157401297256797
59,1.1270394406097268,2,26,3,16,7,12.960953567011858
958,4.313708621517799,8,24,11,4,2,12.941125864553397
1037,2.8744811013981297,8,32,18,7,2,12.935164956291583
812,3.22806428523514,7,26,2,6,2,12.91225714094056
1870,6.3679561604625485,14,32,7,3,1,12.735912320925097
1885,3.638573046397219,14,34,5,6,1,12.735005662390266
2124,6.30874793948147,16,30,16,2,2,12.61749587896294
2299,3.1336941457280734,17,36,13,6,2,12.534776582912293
1622,4.165644347324272,12,34,8,4,2,12.496933041972817
2129,3.561874316971694,16,32,2,4,3,12.46656010940093
2446,6.232318216867352,18,38,1,2,2,12.464636433734704
2449,6.191790620038778,18,38,4,2,2,12.383581240077556
495,2.2285838479229243,5,24,3,7,4,12.257211163576084
1320,4.9014155003394855,10,30,5,4,1,12.253538750848714
1873,6.121788494355982,14,32,10,3,1,12.243576988711965
2256,4.073504177386851,17,32,2,3,3,12.220512532160551
1980,4.042502201889148,15,30,3,4,2,12.127506605667444
57,1.0520397689876553,2,26,1,16,7,12.098457343358035
2952,3.969012932605037,22,36,1,3,3,11.907038797815112
3162,4.760539119028481,24,36,7,3,2,11.901347797571201
1888,3.3952012142605215,14,34,8,6,1,11.883204249911826
3339,4.74254432996381,26,38,10,3,2,11.856360824909524
1334,3.946846993572551,10,32,2,5,1,11.840540980717654
2128,3.368242417170174,16,32,1,4,3,11.78884846009561
2450,5.863066779095917,18,38,5,2,2,11.726133558191833
289,1.5582985238213913,3,32,16,11,4,11.687238928660435
648,3.3369163131824933,6,24,5,5,2,11.679207096138727
771,2.3272234674695276,6,36,14,7,3,11.636117337347638
1326,4.633673826097396,10,30,11,4,1,11.58418456524349
2403,3.854120804987171,18,32,2,4,2,11.562362414961513
797,3.30226708047774,7,24,5,5,2,11.55793478167209
985,2.8866958105940923,8,26,19,5,3,11.54678324237637
2169,2.8358254845688435,16,36,10,6,2,11.343301938275374
2295,2.8338299148937227,17,36,9,6,2,11.33531965957489
3163,4.526387217030709,24,36,8,3,2,11.315968042576772
2698,3.227437517963319,20,36,1,5,2,11.296031312871616
336,1.8792303560722707,4,22,10,8,4,11.275382136433624
2537,4.509480499934093,19,32,5,3,2,11.273701249835232
3064,3.728977698372142,23,36,7,3,3,11.186933095116427
2390,11.03233952641402,18,30,7,1,1,11.03233952641402
497,1.9956011862051926,5,24,5,7,4,10.97580652412856
2014,3.628670304788526,15,34,1,5,1,10.886010914365578
640,3.620473541391956,6,22,14,5,1,10.861420624175869
3453,7.207379501381192,28,36,3,1,2,10.811069252071789
324,2.157651391752088,4,20,12,7,3,10.78825695876044
616,1.795600327461605,5,36,14,9,3,10.77360196476963
1756,4.271621105704486,13,36,1,3,2,10.679052764261215
3388,5.284764303686307,27,36,1,2,2,10.569528607372614
2443,2.632277377706861,18,36,11,6,2,10.529109510827444
3065,3.4961561763789604,23,36,8,3,3,10.488468529136881
1017,2.9872711483188796,8,30,16,6,1,10.45544901911608
638,3.4686737386300703,6,22,12,5,1,10.406021215890211
3318,4.143077917119648,26,36,2,2,3,10.35769479279912
1757,4.131008594991746,13,36,2,3,2,10.327521487479366
2538,4.130649373937699,19,32,6,3,2,10.326623434844247
1171,3.4036961246617876,9,30,17,5,1,10.211088373985362
1842,5.048347384721203,14,28,17,3,1,10.096694769442406
1997,3.360173473374407,15,32,1,4,2,10.080520420123221
3173,3.996126936258025,24,38,5,3,2,9.990317340645063
2253,6.556049837472597,17,30,18,2,1,9.834074756208896
2543,3.8964974719399263,19,32,11,3,2,9.741243679849816
3478,4.851505246519221,29,28,8,4,0,9.703010493038443
1139,2.749474785794619,9,28,1,4,3,9.623161750281167
472,2.7481081310828444,5,20,14,6,1,9.618378458789955
1182,2.3847291863893414,9,32,11,7,1,9.538916745557366
651,2.724389894219237,6,24,8,5,2,9.53536462976733
1143,2.723086613067481,9,28,5,4,3,9.530803145736185
481,2.1047834466786965,5,22,8,7,2,9.471525510054134
160,1.182872905586954,3,20,1,10,6,9.462983244695632
1581,3.1478642254690397,12,30,1,4,2,9.44359267640712
799,2.6918377764056305,7,24,7,5,2,9.421432217419706
1262,9.404744459727961,10,22,7,1,1,9.404744459727961
3174,3.7560609238123863,24,38,6,3,2,9.390152309530965
3407,3.118287077531394,27,38,7,3,3,9.354861232594182
2684,2.670726253386756,20,34,2,4,3,9.347541886853646
3401,3.1155831456704206,27,38,1,3,3,9.346749437011262
1265,9.30713755917707,10,22,10,1,1,9.30713755917707
320,1.847413363653668,4,20,8,7,3,9.23706681826834
3051,3.690262900399936,23,34,2,3,2,9.22565725099984
3328,3.686216866959635,26,36,12,2,3,9.215542167399088
1288,2.5728639376329623,10,26,8,5,2,9.005023781715368
641,2.9966712269173197,6,22,15,5,1,8.990013680751959
3058,2.9960564374078724,23,36,1,3,3,8.988169312223617
646,2.5631187090152525,6,24,3,5,2,8.970915481553384
2825,2.9889496453770765,21,34,11,4,2,8.96684893613123
1274,8.943551854625007,10,22,19,1,1,8.943551854625007
2818,2.9705638094876674,21,34,3,4,2,8.911691428463001
3175,3.5568290561491156,24,38,7,3,2,8.892072640372788
1136,2.2174667880369974,9,26,17,6,2,8.86986715214799
76,0.7086780517432149,2,28,1,16,9,8.858475646790186
2230,8.85721120998074,17,24,13,2,0,8.85721120998074
163,1.1050038897068137,3,20,4,10,6,8.84003111765451
3052,3.529691298646492,23,34,3,3,2,8.82422824661623
643,2.9388035679076228,6,22,17,5,1,8.816410703722868
1653,8.715343933638858,13,20,3,2,0,8.715343933638858
1183,2.1761247538892157,9,32,12,7,1,8.704499015556863
2444,2.1593273647040223,18,36,12,6,2,8.63730945881609
2550,2.868057500635902,19,34,1,4,2,8.604172501907705
2565,2.1457759522864173,19,36,1,6,2,8.583103809145669
1563,4.251115538996991,12,26,19,3,1,8.502231077993981
647,2.419615663094221,6,24,4,5,2,8.468654820829775
74,0.7269088304135749,2,26,18,16,7,8.35945154975611
796,2.384966430389468,7,24,4,5,2,8.347382506363138
2551,2.7697615572273224,19,34,2,4,2,8.309284671681967
2250,5.533982776053675,17,30,15,2,1,8.300974164080511
622,1.2764521736220007,5,38,5,9,4,8.296939128543004
2196,5.529712456750126,17,20,17,3,0,8.294568685125189
161,1.0275511181972652,3,20,2,10,6,8.220408945578122
2184,5.395865645465631,17,20,5,3,0,8.093798468198447
2820,2.686440441372478,21,34,5,4,2,8.059321324117434
3156,3.1961303551963423,24,36,1,3,2,7.990325887990855
1881,2.282243300872902,14,34,1,6,1,7.987851553055156
1137,1.9743499083424745,9,26,18,6,2,7.897399633369898
56,0.6549059525132388,2,24,19,17,7,7.858871430158866
1186,1.9298523698283214,9,32,15,7,1,7.719409479313286
3254,3.079926771725164,25,38,5,3,2,7.69981692931291
914,1.9069088327632808,7,36,12,5,3,7.627635331053123
1708,2.1782393598114975,13,30,1,5,2,7.623837759340241
2824,2.5108265002761523,21,34,9,4,2,7.532479500828456
1092,5.013513856399849,9,20,9,2,1,7.520270784599774
2213,7.451249126486157,17,22,15,2,0,7.451249126486157
3020,14.79151046094183,23,30,6,1,0,7.395755230470915
1096,4.922692670611497,9,20,13,2,1,7.384039005917245
1657,7.378688189355214,13,20,7,2,0,7.378688189355214
3393,3.6878385509227605,27,36,6,2,2,7.375677101845521
1780,7.312770731333769,14,20,3,2,0,7.312770731333769
1897,2.430233513047926,14,36,2,4,2,7.290700539143778
1661,7.2900211416415335,13,20,11,2,0,7.2900211416415335
2758,4.811095466254458,21,26,10,3,0,7.2166431993816875
332,1.1986904975107835,4,22,6,8,4,7.1921429850647005
2275,2.045278195634092,17,34,4,5,2,7.158473684719323
3255,2.8398607592795253,25,38,6,3,2,7.099651898198813
3489,4.731941872984495,29,30,6,3,0,7.0979128094767425
473,2.0211456406019233,5,20,15,6,1,7.074009742106732
1896,2.350582265581583,14,36,1,4,2,7.05174679674475
1327,2.7846390422376044,10,30,12,4,1,6.961597605594011
1668,6.959736388908089,13,20,18,2,0,6.959736388908089
476,1.9763157163949934,5,20,18,6,1,6.917105007382477
1460,2.7643752387700027,11,30,12,4,1,6.9109380969250065
1541,4.5843837535499,12,22,17,2,1,6.876575630324849
665,1.9589376890150259,6,26,3,5,2,6.856281911552591
1289,1.9490616231583262,10,26,9,5,2,6.821715681054142
3270,6.78369730204631,26,26,10,2,0,6.78369730204631
3476,3.3909747631722076,29,28,6,4,0,6.781949526344415
1003,2.245666494734702,8,28,18,4,2,6.736999484204106
2029,2.245122873780664,15,36,1,4,2,6.735368621341992
1084,1.4963460405691436,8,38,12,6,3,6.733557182561146
3334,2.688513632693684,26,38,5,3,2,6.72128408173421
3333,2.686560379089134,26,38,4,3,2,6.716400947722835
897,1.2068759218197083,7,34,14,7,4,6.637817570008395
3256,2.640628891616254,25,38,7,3,2,6.601572229040635
3015,13.066308493704879,23,30,1,1,0,6.5331542468524395
1328,2.6000132773105706,10,30,13,4,1,6.500033193276426
474,1.8498158765539432,5,20,16,6,1,6.474355567938801
3511,6.432614337953396,29,36,3,1,1,6.432614337953396
931,1.4215263465709422,7,38,12,6,3,6.39686855956924
2186,4.13477772039461,17,20,7,3,0,6.202166580591916
1295,1.743677220900644,10,26,15,5,2,6.102870273152254
2161,1.5248352113136532,16,36,2,6,2,6.099340845254613
2189,4.0511234633418045,17,20,10,3,0,6.076685195012707
1784,6.0080446020074705,14,20,7,2,0,6.0080446020074705
3498,11.931678179356178,29,32,4,1,0,5.965839089678089
2421,1.7020931508231227,18,34,4,5,2,5.95732602788093
2710,2.36906561642684,20,38,1,3,2,5.922664041067101
1787,5.92149560503723,14,20,10,2,0,5.92149560503723
2082,11.782400376875682,16,24,1,1,0,5.891200188437841
2534,2.33888798697698,19,32,2,3,2,5.84721996744245
73,0.5054208013054695,2,26,17,16,7,5.8123392150129
2881,3.8737872547630148,22,26,10,3,0,5.810680882144522
3075,1.933828737866309,23,38,5,4,2,5.801486213598928
668,1.6406963100533911,6,26,6,5,2,5.742437085186869
2969,1.8938034012437266,22,38,5,4,2,5.68141020373118
2837,2.2713443510956375,21,36,8,3,2,5.6783608777390935
3336,2.2551298630326393,26,38,7,3,2,5.637824657581598
2773,5.61250456811324,21,28,8,2,0,5.61250456811324
1795,5.599100591323097,14,20,18,2,0,5.599100591323097
2276,1.599061493374694,17,34,5,5,2,5.596715226811429
2633,5.5723572289321215,20,28,1,2,0,5.5723572289321215
1385,1.2294097024175499,10,38,11,6,3,5.532343660878975
2634,5.523553754315815,20,28,2,2,0,5.523553754315815
1394,3.619517254827404,11,20,10,2,1,5.4292758822411065
3263,5.357262025341856,26,26,3,2,0,5.357262025341856
478,1.1874827965904242,5,22,5,7,2,5.343672584656909
1396,3.530850207113725,11,20,12,2,1,5.2962753106705875
2581,2.644078897872335,19,38,6,2,2,5.28815779574467
2700,1.5082039593021532,20,36,3,5,2,5.278713857557536
3265,5.271718680412051,26,26,5,2,0,5.271718680412051
2640,5.203452930416248,20,28,8,2,0,5.203452930416248
2084,10.375923581629793,16,24,3,1,0,5.187961790814897
2087,10.282624955079482,16,24,6,1,0,5.141312477539741
2749,3.410752459607127,21,26,1,3,0,5.11612868941069
3050,2.045468301385764,23,34,1,3,2,5.11367075346441
477,1.4564804370481688,5,20,19,6,1,5.0976815296685904
3021,10.191785272481207,23,30,7,1,0,5.095892636240603
967,1.271345822262311,8,26,1,5,3,5.085383289049244
2752,3.3516410846373508,21,26,4,3,0,5.027461626956026
2094,9.93508757117958,16,24,13,1,0,4.96754378558979
2244,3.2832504875530346,17,28,9,2,1,4.924875731329552
3485,3.2745951137853586,29,30,2,3,0,4.9118926706780375
2939,1.6235158131884149,22,34,3,4,2,4.870547439565245
1726,2.417393557219518,13,32,1,3,1,4.834787114439036
1532,3.2005654543802797,12,20,19,2,1,4.800848181570419
2848,1.5960345197456056,21,38,6,4,2,4.788103559236816
2111,2.362294228253998,16,30,3,2,2,4.724588456507996
2533,1.8869443016702847,19,32,1,3,2,4.717360754175711
2970,1.571106702242892,22,38,6,4,2,4.713320106728676
2714,1.8823220330750587,20,38,5,3,2,4.705805082687647
1669,4.67877658647381,13,20,19,2,0,4.67877658647381
2279,1.3073212474416882,17,34,8,5,2,4.575624366045909
3452,3.049264532487142,28,36,2,1,2,4.573896798730713
1901,1.5150074428579567,14,36,12,4,2,4.54502232857387
1900,1.513011873182836,14,36,11,4,2,4.539035619548508
1845,1.1343121374001417,14,30,1,5,3,4.537248549600567
754,0.9014470302134259,6,34,16,7,3,4.507235151067129
1002,1.4775965899903813,8,28,17,4,2,4.432789769971144
2422,1.2558764485637246,18,34,5,5,2,4.395567569973036
2372,4.32527285478456,18,26,11,2,0,4.32527285478456
663,1.2276273645501905,6,26,1,5,2,4.2966957759256665
2425,1.2238561776686383,18,34,8,5,2,4.283496621840234
2047,4.2711099793861145,16,20,4,2,0,4.2711099793861145
2704,1.2164637133691474,20,36,7,5,2,4.257622996792016
3169,1.6850511159179224,24,38,1,3,2,4.212627789794806
2766,4.178360627359677,21,28,1,2,0,4.178360627359677
2767,4.131711290818042,21,28,2,2,0,4.131711290818042
283,0.5316621421441908,3,32,10,11,4,3.9874660660814314
3399,1.9871405012508558,27,36,12,2,2,3.9742810025017117
1122,0.991610308164327,9,26,3,6,2,3.966441232657308
2035,1.3114593359959743,15,36,13,4,2,3.934378007987923
2255,1.3014270705970152,17,32,1,3,3,3.9042812117910457
3451,2.597320847180447,28,36,1,1,2,3.8959812707706707
2692,1.1059313839160352,20,34,10,4,3,3.8707598437061232
284,0.5139524377782488,3,32,11,11,4,3.8546432833368662
1126,0.9578662880223132,9,26,7,6,2,3.831465152089253
1651,3.8183298301809665,13,20,1,2,0,3.8183298301809665
315,0.47698969483483133,3,38,6,10,6,3.8159175586786507
439,0.5843436184852335,4,32,18,9,4,3.798233520154018
664,1.0841243186291596,6,26,2,5,2,3.7944351152020586
2095,7.534980403172925,16,24,14,1,0,3.7674902015864626
317,0.46861078305478865,3,38,8,10,6,3.748886264438309
2872,2.496989916128068,22,26,1,3,0,3.745484874192102
2323,3.7346873244823513,18,20,17,2,0,3.7346873244823513
1219,0.8270635677122162,9,36,13,6,3,3.721786054704973
986,1.2358837670273792,8,28,1,4,2,3.7076513010821377
318,0.4595430084905829,3,38,9,10,6,3.676344067924663
2875,2.4392905752220044,22,26,4,3,0,3.6589358628330064
1864,1.8181032568537536,14,32,1,3,1,3.6362065137075072
493,0.6565185314794865,5,24,1,7,4,3.6108519231371754
2311,3.6051671982109657,18,20,5,2,0,3.6051671982109657
2559,1.1933548357900583,19,34,10,4,2,3.580064507370175
297,0.3953830307134414,3,34,8,11,7,3.5584472764209725
298,0.3852631985656253,3,34,9,11,7,3.467368787090628
3317,1.3710008103298108,26,36,1,2,3,3.427502025824527
2426,0.9641362026307193,18,34,9,5,2,3.3744767092075176
1796,3.372627644263774,14,20,19,2,0,3.372627644263774
1542,2.2480087491446663,12,22,18,2,1,3.3720131237169992
2115,1.6122546907852247,16,30,7,2,2,3.2245093815704493
1016,0.9210093507014621,8,30,15,6,1,3.223532727455117
1844,1.5437855210814664,14,28,19,3,1,3.0875710421629328
2050,3.0356273351634266,16,20,7,2,0,3.0356273351634266
2240,1.9960187742243534,17,26,11,2,1,2.99402816133653
2641,2.992823750599809,20,28,9,2,0,2.992823750599809
2053,2.953671604203379,16,20,10,2,0,2.953671604203379
2362,2.925404027819912,18,26,1,2,0,2.925404027819912
2365,2.8787546912782767,18,26,4,2,0,2.8787546912782767
945,1.4201498989494015,8,20,14,3,1,2.840299797898803
2248,1.8818838841463583,17,30,7,2,1,2.8228258262195376
273,0.3527529448961675,3,30,19,12,4,2.82202355916934
3271,2.752467172229365,26,26,11,2,0,2.752467172229365
2907,2.716113736367387,22,30,6,1,1,2.716113736367387
1108,1.7702817384416467,9,22,12,2,1,2.6554226076624703
2060,2.6483865063771996,16,20,17,2,0,2.6483865063771996
2106,1.7643828197880054,16,28,5,2,1,2.646574229682008
1778,2.6380990046683634,14,20,1,2,0,2.6380990046683634
940,1.2983147629505642,8,20,9,3,1,2.5966295259011285
630,1.0370247414242688,6,20,9,4,1,2.592561853560672
1202,0.862359562840298,9,34,15,3,3,2.587078688520894
2371,2.5739014998179615,18,26,10,2,0,2.5739014998179615
939,1.2803543665023767,8,20,8,3,1,2.5607087330047533
1256,2.5599426954859643,10,22,1,1,1,2.5599426954859643
3456,1.6584272050631732,28,36,6,1,2,2.48764080759476
1103,1.6363325394425094,9,22,7,2,1,2.454498809163764
2313,2.384844758497813,18,20,7,2,0,2.384844758497813
1107,1.5875290648262028,9,22,11,2,1,2.381293597239304
2197,1.587505593136703,17,20,18,3,0,2.3812583897050548
3027,4.642832976163187,23,30,13,1,0,2.3214164880815935
2316,2.3038946795781996,18,20,10,2,0,2.3038946795781996
308,0.2672207816920201,3,36,6,10,7,2.2713766443821712
309,0.25710094954420404,3,36,7,10,7,2.1853580711257345
2110,1.4442819958884385,16,28,9,2,1,2.166422993832658
2938,0.7126106131927462,22,34,2,4,2,2.1378318395782387
3261,2.0777245464377283,26,26,1,2,0,2.0777245464377283
3181,2.0046820087498323,25,26,2,2,0,2.0046820087498323
2322,2.002355635602632,18,20,16,2,0,2.002355635602632
2945,0.6637898561410039,22,34,9,4,2,1.991369568423012
1758,0.774388685809349,13,36,3,3,2,1.9359717145233726
3483,0.9574458955869378,29,28,13,4,0,1.9148917911738756
2402,1.8255686319514506,18,30,19,1,1,1.8255686319514506
2817,0.5796162994588162,21,34,2,4,2,1.7388488983764487
946,0.858936169695862,8,20,15,3,1,1.717872339391724
788,0.6791160549667719,7,20,9,4,1,1.6977901374169297
1468,0.6688301269338774,11,32,1,4,1,1.6720753173346936
2774,1.6644206534011445,21,28,9,2,0,1.6644206534011445
2033,0.520235693196442,15,36,11,4,2,1.560707079589326
1109,1.0192824703031678,9,22,13,2,1,1.5289237054547518
790,0.7529952508506556,7,22,7,3,1,1.505990501701311
3033,3.003037046908254,23,30,19,1,0,1.501518523454127
3262,1.4443075505191976,26,26,2,2,0,1.4443075505191976
2759,0.9199052125794299,21,26,11,3,0,1.3798578188691448
1678,0.9196056519460011,13,22,17,2,1,1.3794084779190017
637,0.5422096268187946,6,20,16,4,1,1.3555240670469866
1761,0.528221019702782,13,36,6,3,2,1.320552549256955
3494,0.8463709520645873,29,30,11,3,0,1.269556428096881
1287,0.8374895273574295,10,24,17,2,1,1.2562342910361444
1296,0.32528426839627256,10,26,16,5,2,1.138494939386954
3505,2.230953483787935,29,32,11,1,0,1.1154767418939675
2162,0.27760416436523744,16,36,3,6,2,1.1104166574609498
1979,0.5472502428492065,15,28,19,3,1,1.094500485698413
1261,1.0885186696813292,10,22,6,1,1,1.0885186696813292
956,0.5155198870355093,8,22,12,3,1,1.0310397740710187
2438,0.25089262181364896,18,36,6,6,2,1.0035704872545959
1821,0.990911769130437,14,24,6,1,1,0.990911769130437
1121,0.4829842318822213,9,24,10,3,1,0.9659684637644426
3514,0.8836620416353781,29,36,6,1,1,0.8836620416353781
633,0.35245988283026247,6,20,12,4,1,0.8811497070756562
2272,0.2477830061849165,17,34,1,5,2,0.8672405216472078
830,0.21548040988163508,7,28,1,6,2,0.8619216395265403
1701,0.3079737051083269,13,28,3,3,2,0.7699342627708172
1835,0.5114262202482407,14,26,6,2,1,0.767139330372361
471,0.09573450062136946,4,38,11,10,5,0.7180087546602709
2116,0.3567853062807762,16,30,8,2,2,0.7135706125615524
2061,0.5400753274300084,16,20,18,2,0,0.5400753274300084
792,0.2625202494148542,7,22,9,3,1,0.5250404988297084
2373,0.46857308362566014,18,26,12,2,0,0.46857308362566014
1120,0.2299845942615661,9,24,9,3,1,0.4599691885231322
831,0.0958945343045213,7,28,2,6,2,0.3835781372180852
2985,0.25035914439748297,23,26,1,3,0,0.37553871659622445
3510,0.6635365577427684,29,32,16,1,0,0.3317682788713842
1841,0.1985488644597716,14,26,12,2,1,0.2978232966896574
628,0.10631127605712706,6,20,7,4,1,0.26577819014281767
2544,0.0598030196474076,19,32,12,3,2,0.149507549118519
2165,0.034232332228540524,16,36,6,6,2,0.1369293289141621
314,0.01506184866209119,3,38,2,10,6,0.12049478929672952
1297,0.033544022463266945,10,26,17,5,2,0.11740407862143432
2882,0.04913910634037458,22,26,11,3,0,0.07370865951056187
3462,0.01863127580823999,28,36,12,1,2,0.027946913712359987
2120,0.005557511676082538,16,30,12,2,2,0.011115023352165077
